INPUT,FOUND_BY,DTXSID,PREFERRED_NAME,HENRYS_LAW_ATM-M3/MOLE_OPERA_PRED,Henry's Law mol/m3-Pa,Measured
AAPLIUHOKVUFCC-UHFFFAOYSA-N,InChIKey,DTXSID7061433,Trimethylsilanol,1.87849E-05,0.525381166,0.07
ABVVEAHYODGCLZ-UHFFFAOYSA-N,InChIKey,DTXSID0022199,Tridecylamine,2.15534E-05,0.45789679,0.09
AFABGHUZZDYHJO-UHFFFAOYSA-N,InChIKey,DTXSID4029143,2-Methylpentane,0.467213,2.11236E-05,0.000013
AFYPFACVUDMOHA-UHFFFAOYSA-N,InChIKey,DTXSID4052500,Chlorotrifluoromethane,1.38003,7.15146E-06,8.53333E-06
AGDYNDJUZRMYRG-UHFFFAOYSA-N,InChIKey,DTXSID8066636,"Nitric acid, hexyl ester",0.00149191,0.006615166,0.0076
AHJKRLASYNVKDZ-UHFFFAOYSA-N,InChIKey,DTXSID4020373,"p,p'-DDD",6.63773E-06,1.486838523,1.205
AIJULSRZWUXGPQ-UHFFFAOYSA-N,InChIKey,DTXSID0021628,Methyl glyoxal,2.67E-07,36.99057236,177
AITNMTXHTIIIBB-UHFFFAOYSA-N,InChIKey,DTXSID4027153,1-Bromo-4-fluorobenzene,0.000827139,0.01193177,0.0053
AJDIZQLSFPQPEY-UHFFFAOYSA-N,InChIKey,DTXSID6021377,"1,1,2-Trichloro-1,2,2-trifluoroethane",0.151292,6.5233E-05,0.0000644
ALDJIKXAHSDLLB-UHFFFAOYSA-N,InChIKey,DTXSID8038302,"2,2',3,5'-tetrachlorobiphenyl",0.000139576,0.070708665,0.033666667
ALFHIHDQSYXSGP-UHFFFAOYSA-N,InChIKey,DTXSID80873557,"2,2',3,4'-Tetrachloro-1,1'-biphenyl",0.000139518,0.07073806,0.039
ALVPFGSHPUPROW-UHFFFAOYSA-N,InChIKey,DTXSID2022096,Dipropyl disulfide,0.00381204,0.002588964,0.0024
AMIMRNSIRUDHCM-UHFFFAOYSA-N,InChIKey,DTXSID9021635,2-Methylpropanal,0.000100674,0.098031594,0.030725
AMKBEJYNNQNKGD-UHFFFAOYSA-N,InChIKey,DTXSID30872691,"1,2,5,6,9-Pentachlorodecane",9.31465E-05,0.105953876,0.29
AMQJEAYHLZJPGS-UHFFFAOYSA-N,InChIKey,DTXSID6021741,1-Pentanol,1.30069E-05,0.758769012,0.852857143
AOGQPLXWSUTHQB-UHFFFAOYSA-N,InChIKey,DTXSID6022006,Hexyl acetate,0.000529646,0.01863364,0.015
AQDKZPFDOWHRDZ-UHFFFAOYSA-N,InChIKey,DTXSID8074491,6-Nitro-o-cresol,3.02512E-05,0.326242684,0.29
AQONCPKMJSBHQT-UHFFFAOYSA-N,InChIKey,DTXSID1074200,"2,2',3,4',5,6-Hexachlorobiphenyl",5.07333E-05,0.194531652,0.19
ARXHIJMGSIYYRZ-UHFFFAOYSA-N,InChIKey,DTXSID3038307,"2,3,3',4',6-Pentachlorobiphenyl",7.58557E-05,0.130105354,0.058
ARXJGSRGQADJSQ-UHFFFAOYSA-N,InChIKey,DTXSID8024284,1-Methoxy-2-propanol,9.14E-07,10.79500117,4.8
ATHHXGZTWNVVOU-UHFFFAOYSA-N,InChIKey,DTXSID0025608,N-Methylformamide,5.74E-08,172.0814524,1500
ATUOYWHBWRKTHZ-UHFFFAOYSA-N,InChIKey,DTXSID5026386,Propane,0.392059,2.51728E-05,1.35667E-05
AUGNBQPSMWGAJE-UHFFFAOYSA-N,InChIKey,DTXSID60274189,"2,2',3,3',4-Pentachlorobiphenyl",5.18106E-05,0.190486747,0.0555
AUHZEENZYGFFBQ-UHFFFAOYSA-N,InChIKey,DTXSID6026797,"1,3,5-Trimethylbenzene",0.00867811,0.001137256,0.0015125
AUIKJTGFPFLMFP-UHFFFAOYSA-N,InChIKey,DTXSID20208844,Diisopropylnitrosamine,0.000348756,0.028298388,1.2
AVSIMRGRHWKCAY-UHFFFAOYSA-N,InChIKey,DTXSID10870791,"2,3,4,5,6-Pentachlorotoluene",0.00076685,0.012869835,0.013
AWZOLILCOUMRDG-UHFFFAOYSA-N,InChIKey,DTXSID7041910,Edifenphos,9.45591E-06,1.043710512,5000
AZXHAWRMEPZSSV-UHFFFAOYSA-N,InChIKey,DTXSID7074165,"2,3',4,4',5,5'-Hexachlorobiphenyl",2.20393E-05,0.447801548,0.0525
BATOPAZDIZEVQF-MQQKCMAXSA-N,InChIKey,DTXSID2025391,"(2E,4E)-2,4-Hexadienal",9.88102E-06,0.998807073,1
BAVYZALUXZFZLV-UHFFFAOYSA-N,InChIKey,DTXSID7025683,Methylamine,1.11188E-05,0.887616709,0.89
BBABSCYTNHOKOG-UHFFFAOYSA-N,InChIKey,DTXSID2021103,Pentachloroanisole,0.000279286,0.03533737,0.0021
BBEAQIROQSPTKN-UHFFFAOYSA-N,InChIKey,DTXSID3024289,Pyrene,1.18743E-05,0.831142271,0.857777778
BBMCTIGTTCKYKF-UHFFFAOYSA-N,InChIKey,DTXSID8021937,1-Heptanol,1.88421E-05,0.523786238,0.445
BCCOBQSFUDVTJQ-UHFFFAOYSA-N,InChIKey,DTXSID9041811,Octafluorocyclobutane,0.0628642,0.000156993,1.23333E-06
BCQZXOMGPXTTIC-UHFFFAOYSA-N,InChIKey,DTXSID4025371,Halothane,0.0203297,0.000485459,0.000365
BDERNNFJNOPAEC-UHFFFAOYSA-N,InChIKey,DTXSID2021739,1-Propanol,7.41659E-06,1.330696812,1.53
BDNFHGUXBRZLRQ-UHFFFAOYSA-N,InChIKey,DTXSID30215741,"Peroxide, 2-methyl-1-oxopropyl nitro",8.40379E-06,1.174378782,0.0099
BEPAFCGSDWSTEL-UHFFFAOYSA-N,InChIKey,DTXSID4029145,Dimethyl malonate,4.27473E-06,2.308738252,38
BFCFYVKQTRLZHA-UHFFFAOYSA-N,InChIKey,DTXSID0020280,1-Chloro-2-nitrobenzene,9.30156E-06,1.061029834,0.66
BGTOWKSIORTVQH-UHFFFAOYSA-N,InChIKey,DTXSID3029154,Cyclopentanone,1.00939E-05,0.977742267,0.82
BHAAPTBBJKJZER-UHFFFAOYSA-N,InChIKey,DTXSID7024532,p-Anisidine,6.66E-08,148.1297379,150
BHNZEZWIUMJCGF-UHFFFAOYSA-N,InChIKey,DTXSID9023960,"1-Chloro-1,1-difluoroethane",0.0586476,0.00016828,0.000145
BHRZNVHARXXAHW-UHFFFAOYSA-N,InChIKey,DTXSID4022284,2-Butanamine,1.80866E-05,0.545665447,0.4
BHWVLZJTVIYLIV-UHFFFAOYSA-N,InChIKey,DTXSID6074209,"3,4,4',5-Tetrachlorobiphenyl",5.68467E-05,0.173611356,0.0645
BIWJNBZANLAXMG-KMMBHOGFSA-N,InChIKey,DTXSID6038326,cis-Chlordane,0.000291713,0.033831995,0.066
BIWJNBZANLAXMG-UHFFFAOYSA-N,InChIKey,DTXSID7020267,Chlordane,0.000291713,0.033831995,0.17
BKIMMITUMNQMOS-UHFFFAOYSA-N,InChIKey,DTXSID9025796,Nonane,0.167561,5.88993E-05,0.000007225
BMIPMKQAAJKBKP-UHFFFAOYSA-N,InChIKey,DTXSID9021398,"2,4,5-Trimethylaniline",2.47531E-06,3.987069364,3.9
BMRWNKZVCUKKSR-UHFFFAOYSA-N,InChIKey,DTXSID6040375,"1,2-Butanediol",7.52E-08,131.2411923,340
BMVXCPBXGZKUPN-UHFFFAOYSA-N,InChIKey,DTXSID3021930,Hexylamine,2.67307E-05,0.36920966,0.345
BMZVDHQOAJUZJL-UHFFFAOYSA-N,InChIKey,DTXSID40191921,"Benzene, 1,3-dibromo-2-methoxy-",0.000642037,0.015371751,0.037
BNIXVQGCZULYKV-UHFFFAOYSA-N,InChIKey,DTXSID7021104,Pentachloroethane,0.00263308,0.00374817,0.0059
BOUGCJDAQLKBQH-UHFFFAOYSA-N,InChIKey,DTXSID7029245,"2-Chloro-1,1,1,2-tetrafluoroethane",0.0598452,0.000164913,0.000106667
BQFCCUSDZLKBJG-UHFFFAOYSA-N,InChIKey,DTXSID3074157,"2,2',3,3',4,4',5,6'-Octachlorobiphenyl",1.00548E-05,0.981544403,0.99
BQHCQAQLTCQFJZ-UHFFFAOYSA-N,InChIKey,DTXSID8074158,"2,2',3,4',5,5'-Hexachlorobiphenyl",2.51926E-05,0.391751255,0.172333333
BQOFWKZOCNGFEC-UHFFFAOYSA-N,InChIKey,DTXSID4047462,3-Carene,0.0641514,0.000153843,0.00016
BSAIUMLZVGUGKX-BQYQJAHWSA-N,InChIKey,DTXSID0047086,(E)-2-Nonenal,0.000412176,0.02394422,0.058
BSKHPKMHTQYZBB-UHFFFAOYSA-N,InChIKey,DTXSID9021899,2-Methylpyridine,9.45733E-06,1.043553801,0.99
BSPCSKHALVHRSR-UHFFFAOYSA-N,InChIKey,DTXSID9023966,2-Chlorobutane,0.0240202,0.000410872,0.00041
BTAGRXWGMYTPBY-UHFFFAOYSA-N,InChIKey,DTXSID50858932,"2,2',3,3',4,4'-Hexachlorobiphenyl",1.32109E-05,0.747052257,0.3236
BTANRVKWQNVYAZ-UHFFFAOYSA-N,InChIKey,DTXSID9021762,2-Butanol,9.11468E-06,1.082784329,1.013333333
BTJIUGUIPKRLHP-UHFFFAOYSA-N,InChIKey,DTXSID0021834,4-Nitrophenol,4.21E-10,23455.45059,490
BULLHNJGPPOUOX-UHFFFAOYSA-N,InChIKey,DTXSID0021547,1-Chloropropan-2-one,1.65707E-05,0.595583329,0.58
BVSOVPUWHJWGEP-UHFFFAOYSA-N,InChIKey,DTXSID70778224,"2-Bromo-1,4-dichloro-3-methoxybenzene",0.000625409,0.015780446,0.0077
BWWVXHRLMPBDCK-UHFFFAOYSA-N,InChIKey,DTXSID10867525,"2,2',4,5,6'-Pentachlorobiphenyl",8.82885E-05,0.111783898,0.11
BYEAHWXPCBROCE-UHFFFAOYSA-N,InChIKey,DTXSID1022134,2H-Perfluoro-2-propanol,4.24754E-05,0.23235173,0.24
BYGQBDHUGHBGMD-UHFFFAOYSA-N,InChIKey,DTXSID2021818,2-Methylbutanal,0.000114208,0.086414548,0.023
BZHJMEDXRYGGRV-FUDHJZNOSA-N,InChIKey,DTXSID30986722,Chloro(~2~H_3_)ethene,0.0273828,0.000360417,0.00038
BZHJMEDXRYGGRV-UHFFFAOYSA-N,InChIKey,DTXSID8021434,Vinyl chloride,0.0273828,0.000360417,0.0003157
BZLVMXJERCGZMT-UHFFFAOYSA-N,InChIKey,DTXSID3020833,Methyl tert-butyl ether,0.000593561,0.016627158,0.01602
BZTYNSQSZHARAZ-UHFFFAOYSA-N,InChIKey,DTXSID2038310,"2,4,4'-Trichlorobiphenyl",0.000199754,0.049406934,0.02925
CAFROQYMUICGNO-UHFFFAOYSA-N,InChIKey,DTXSID30185859,"2,2,2-Trifluoroethyl formate",0.00442185,0.002231924,0.0054
CATSNJVOTSVZJV-UHFFFAOYSA-N,InChIKey,DTXSID5021916,2-Heptanone,0.000168168,0.058686746,0.058666667
CAUBWLYZCDDYEF-UHFFFAOYSA-N,InChIKey,DTXSID4021472,N-Nitroso-N-methylurethane,0.000074543,0.132396505,0.39
CAWHJQAVHZEVTJ-UHFFFAOYSA-N,InChIKey,DTXSID4047620,2-Methylpyrazine,2.20629E-06,4.47322549,4.5
CAWXEEYDBZRFPE-UHFFFAOYSA-N,InChIKey,DTXSID4024145,Hexazinone,1.0755E-06,9.176413452,99
CAYGQBVSOZLICD-UHFFFAOYSA-N,InChIKey,DTXSID1024128,Hexabromobenzene,0.00316583,0.003117423,0.093
CDOSHBSSFJOMGT-UHFFFAOYSA-N,InChIKey,DTXSID7025502,Linalool,2.13141E-05,0.463037739,0.33
CEBKHWWANWSNTI-UHFFFAOYSA-N,InChIKey,DTXSID2021949,2-Methyl-3-butyn-2-ol,3.95519E-06,2.495261332,2.5
CEOCDNVZRAIOQZ-UHFFFAOYSA-N,InChIKey,DTXSID7024247,Pentachlorobenzene,0.00070365,0.014025769,0.05272
CERQOIWHTDAKMF-UHFFFAOYSA-N,InChIKey,DTXSID3025542,Methacrylic acid,3.87E-07,25.49221011,25
CETBSQOFQKLHHZ-UHFFFAOYSA-N,InChIKey,DTXSID3051464,Diethyl disulphide,0.00214742,0.004595856,0.0049
CFXQEHVMCRXUSD-UHFFFAOYSA-N,InChIKey,DTXSID9021390,"1,2,3-Trichloropropane",0.000343459,0.02873482,0.03575
CGFCSKMZZXPWEY-UHFFFAOYSA-N,InChIKey,DTXSID10873565,3-Hydroxybutan-2-yl nitrate,9.97E-08,98.97390744,100
CGYGETOMCSJHJU-UHFFFAOYSA-N,InChIKey,DTXSID8023971,2-Chloronaphthalene,0.000321349,0.030711882,0.0305
CHIFOSRWCNZCFN-UHFFFAOYSA-N,InChIKey,DTXSID7024245,Pendimethalin,7.77E-07,12.70084881,12
CICQUFBZCADHHX-UHFFFAOYSA-N,InChIKey,DTXSID4060286,"Benzene, 2,4-dichloro-1-methoxy-",2.02827E-05,0.486583772,0.012
CITMYAMXIZQCJD-UHFFFAOYSA-N,InChIKey,DTXSID4074223,"2,3,4',5-Tetrachlorobiphenyl",0.000102548,0.096240128,0.0295
CJDNEKOMKXLSBN-UHFFFAOYSA-N,InChIKey,DTXSID10863067,"3,4'-Dichlorobiphenyl",0.0002315,0.042631675,0.049
CKAPSXZOOQJIBF-UHFFFAOYSA-N,InChIKey,DTXSID2020682,Hexachlorobenzene,0.00169294,0.005829641,0.252812545
CKLLRBPBZLTGDJ-UHFFFAOYSA-N,InChIKey,DTXSID0074138,"2,2',3,4,4',5-Hexachlorobiphenyl",2.21522E-05,0.445519301,0.0975
COAUHYBSXMIJDK-UHFFFAOYSA-N,InChIKey,DTXSID1042027,"3,3-Dichloro-1,1,1,2,2-pentafluoropropane",0.499925,1.97414E-05,0.000098
CRCBRZBVCDKPGA-UHFFFAOYSA-N,InChIKey,DTXSID5073537,"2,2',3,5,5'-Pentachlorobiphenyl",8.39943E-05,0.117498838,0.022
CRQQGFGUEAVUIL-UHFFFAOYSA-N,InChIKey,DTXSID0020319,Chlorothalonil,2.00832E-06,4.914173372,50
CSCPPACGZOOCGX-UHFFFAOYSA-N,InChIKey,DTXSID8021482,Acetone,3.53224E-05,0.279404363,0.250455833
CTISQZXTUUHJNC-UHFFFAOYSA-N,InChIKey,DTXSID40875577,"1,2-BUTYLDINITRATE",1.93982E-05,0.508770539,0.21
CTQNGGLPUBDAKN-UHFFFAOYSA-N,InChIKey,DTXSID3021807,o-Xylene,0.00525141,0.001879349,0.002040909
CTQNGGLPUBDAKN-ZGYYUIRESA-N,InChIKey,DTXSID50204576,(2H10)-o-Xylene,0.00525141,0.001879349,0.003
CUFNKYGDVFVPHO-UHFFFAOYSA-N,InChIKey,DTXSID2059770,Azulene,0.000387396,0.025475825,0.15
CUGLICQCTXWQNF-UHFFFAOYSA-N,InChIKey,DTXSID40866046,"2,2',3,6'-Tetrachlorobiphenyl",8.40315E-05,0.117446823,0.034
CURLTUGMZLYLDI-UHFFFAOYSA-N,InChIKey,DTXSID4027028,Carbon dioxide,0.000271588,0.036338987,0.000355
CVXBEEMKQHEXEN-UHFFFAOYSA-N,InChIKey,DTXSID9020247,Carbaryl,1.38E-08,713.8892024,1849.5
CWJSHJJYOPWUGX-UHFFFAOYSA-N,InChIKey,DTXSID7020764,Chlorpropham,4.40E-09,2244.507163,23
CWRYPZZKDGJXCA-UHFFFAOYSA-N,InChIKey,DTXSID3021774,Acenaphthene,0.000184171,0.053587333,0.095175
CXKIGWXPPVZSQK-UHFFFAOYSA-N,InChIKey,DTXSID1073608,"2,2',3,4',6-Pentachlorobiphenyl",0.000084331,0.117029712,0.0275
CXOYNJAHPUASHN-UHFFFAOYSA-N,InChIKey,DTXSID2074164,"2,2',3,3',4,5',6'-Heptachlorobiphenyl",8.66605E-06,1.138838648,0.1605
CXQXSVUQTKDNFP-UHFFFAOYSA-N,InChIKey,DTXSID9040710,Octamethyltrisiloxane,30.4787,3.23808E-07,2.11333E-06
CXWXQJXEFPUFDZ-UHFFFAOYSA-N,InChIKey,DTXSID1026118,Tetralin,0.00265481,0.003717491,0.0051
CXXRQFOKRZJAJA-UHFFFAOYSA-N,InChIKey,DTXSID6074201,"2,2',3,4,5',6-Hexachlorobiphenyl",4.40461E-05,0.224065982,0.07
CYNYIHKIEHGYOZ-UHFFFAOYSA-N,InChIKey,DTXSID6021874,1-Bromopropane,0.00230943,0.00427345,0.0011
CYRMSUTZVYGINF-UHFFFAOYSA-N,InChIKey,DTXSID5021384,Trichlorofluoromethane,0.0972949,0.000101436,0.000119
CYTYCFOTNPOANT-UHFFFAOYSA-N,InChIKey,DTXSID2021319,Tetrachloroethylene,0.0176954,0.000557729,0.000627941
CYXIKYKBLDZZNW-UHFFFAOYSA-N,InChIKey,DTXSID5020289,"2-Chloro-1,1,1-trifluoroethane",0.0413104,0.000238904,0.00039
CZGCEKJOLUNIFY-UHFFFAOYSA-N,InChIKey,DTXSID5020281,1-Chloro-4-nitrobenzene,4.94779E-06,1.994674929,1.09
DCEPGADSNJKOJK-UHFFFAOYSA-N,InChIKey,DTXSID6059867,Perfluoroacetyl fluoride,0.000334682,0.029488388,0.023166667
DCMURXAZTZQAFB-UHFFFAOYSA-N,InChIKey,DTXSID6073491,"2,2',5-Trichlorobiphenyl",0.000248754,0.039674669,0.03265
DDMOUSALMHHKOS-UHFFFAOYSA-N,InChIKey,DTXSID8026434,"1,2-Dichloro-1,1,2,2-tetrafluoroethane",0.826862,1.19358E-05,0.000009
DEDOPGXGGQYYMW-UHFFFAOYSA-N,InChIKey,DTXSID6024206,Molinate,4.05102E-06,2.436234002,3.866666667
DFBKLUNHFCTMDC-GKRDHZSOSA-N,InChIKey,DTXSID6020561,Endrin,8.23022E-06,1.199145669,1.7
DGFBULNMARLFTH-UHFFFAOYSA-N,InChIKey,DTXSID00875578,"1,3-Butanediol dinitrate",1.96464E-05,0.502343059,0.57
DIKBFYAXUHHXCS-UHFFFAOYSA-N,InChIKey,DTXSID1021374,Bromoform,0.000538575,0.018324714,0.016918182
DIRFUJHNVNOBMY-UHFFFAOYSA-N,InChIKey,DTXSID4058077,Fenobucarb,1.32E-08,747.3351053,150
DJHHDLMTUOLVHY-UHFFFAOYSA-N,InChIKey,DTXSID7074030,"1,2,3,4-Tetrachlorodibenzo-p-dioxin",1.99927E-05,0.493641813,0.5
DKEGCUDAFWNSSO-UHFFFAOYSA-N,InChIKey,DTXSID5063520,"Octane, 1,8-dibromo-",0.000495924,0.019900696,0.014
DKGAVHZHDRPRBM-UHFFFAOYSA-N,InChIKey,DTXSID8020204,tert-Butyl alcohol,9.04925E-06,1.090613329,0.954
DKPFZGUDAPQIHT-UHFFFAOYSA-N,InChIKey,DTXSID3021982,Butyl acetate,0.000282464,0.034939789,0.0276
DLDJFQGPPSQZKI-UHFFFAOYSA-N,InChIKey,DTXSID4021921,"2-Butyne-1,4-diol",7.06E-08,139.822915,2000
DLEGDLSLRSOURQ-UHFFFAOYSA-N,InChIKey,DTXSID5059957,Trifluoroethyl vinyl ether,0.00560073,0.001762133,0.0004
DLFVBJFMPXGRIB-UHFFFAOYSA-N,InChIKey,DTXSID7020005,Acetamide,8.83E-08,111.7573157,5300
DLRJIFUOBPOJNS-UHFFFAOYSA-N,InChIKey,DTXSID7059278,"Benzene, ethoxy-",9.79282E-06,1.007802928,0.017
DNJIEGIFACGWOD-UHFFFAOYSA-N,InChIKey,DTXSID9026394,Ethanethiol,0.00453134,0.002177994,0.0025
DOIRQSBPFJWKBE-UHFFFAOYSA-N,InChIKey,DTXSID2021781,"1,2-Benzenedicarboxylic acid, dibutyl ester",1.80168E-06,5.477794429,7.4
DOLQYFPDPKPQSS-UHFFFAOYSA-N,InChIKey,DTXSID3026308,"3,4-Dimethylaniline",1.8616E-06,5.301478657,5.3
DOWJXOHBNXRUOD-UHFFFAOYSA-N,InChIKey,DTXSID6025648,1-Methyl phenanthrene,4.93086E-05,0.20015236,0.2
DPBLXKKOBLCELK-UHFFFAOYSA-N,InChIKey,DTXSID0021919,Pentan-1-amine,2.42825E-05,0.406433961,0.37
DPCILIMHENXHQX-UHFFFAOYSA-N,InChIKey,DTXSID1067124,"Pyrazine, 2-ethyl-3-methoxy-",0.00001468,0.672291054,0.67
DPJCXCZTLWNFOH-UHFFFAOYSA-N,InChIKey,DTXSID1025726,2-Nitroaniline,5.90E-08,167.4050817,170
DPKKOVGCHDUSAI-UHFFFAOYSA-N,InChIKey,DTXSID80167064,"Benzene, 1,3-dibromo-5-methyl-",0.00148789,0.006633039,0.017
DPYMAXOKJUBANR-UHFFFAOYSA-N,InChIKey,DTXSID4021470,"Nitroso-2,6-dimethylmorpholine",1.12408E-06,8.779831211,35
DQWPFSLDHJDLRL-UHFFFAOYSA-N,InChIKey,DTXSID8026228,Triethyl phosphate,3.62E-08,272.655592,270
DTMRKGRREZAYAP-UHFFFAOYSA-N,InChIKey,DTXSID5074139,"2,2',3,3',4,4',5,5'-Octachlorobiphenyl",1.00136E-05,0.985582874,0.545
DUEPRVBVGDRKAG-UHFFFAOYSA-N,InChIKey,DTXSID9020249,Carbofuran,2.75E-09,3595.283389,99
DURPTKYDGMDSBL-UHFFFAOYSA-N,InChIKey,DTXSID1022007,Butyl ether,0.00597712,0.001651169,0.00175
DWEYPOWXNBAIDU-UHFFFAOYSA-N,InChIKey,DTXSID50227326,Methyldichloramine,5.48265E-05,0.180008439,0.0033
DXBHBZVCASKNBY-UHFFFAOYSA-N,InChIKey,DTXSID5023902,Benz(a)anthracene,1.18331E-05,0.834036108,3.405
DYONNFFVDNILGI-UHFFFAOYSA-N,InChIKey,DTXSID00871813,Butan-2-yl nitrate,0.00184987,0.005335095,0.0057
FCOAHACKGGIURQ-UHFFFAOYSA-N,InChIKey,DTXSID7058040,Iprobenfos,2.81546E-06,3.505371295,260
FDPIMTJIUBPUKL-UHFFFAOYSA-N,InChIKey,DTXSID6021820,3-Pentanone,5.05381E-05,0.195283018,0.076699
FERIUCNNQQJTOY-UHFFFAOYSA-N,InChIKey,DTXSID8021515,Butanoic acid,5.37E-07,18.39318759,29.925
FFLFWNRFMZRFKU-UHFFFAOYSA-N,InChIKey,DTXSID50225140,N-Methyl-N-nitrosoacetamide,3.45E-07,28.61742077,0.086
FGLBSLMDCBOPQK-UHFFFAOYSA-N,InChIKey,DTXSID6020981,2-Nitropropane,0.000047954,0.205806245,0.084
FHIVAFMUCKRCQO-UHFFFAOYSA-N,InChIKey,DTXSID9020407,Diazinon,1.13E-07,87.07941578,49.5
FHUDAMLDXFJHJE-UHFFFAOYSA-N,InChIKey,DTXSID9059963,"2-Propanone, 1,1,1-trifluoro-",7.86764E-06,1.254408268,1.4
FJBFPHVGVWTDIP-UHFFFAOYSA-N,InChIKey,DTXSID4021557,Dibromomethane,0.000830528,0.011883082,0.0119
FKNQCJSGGFJEIZ-UHFFFAOYSA-N,InChIKey,DTXSID4021892,4-Methylpyridine,6.34017E-06,1.556619565,1.7
FKRCODPIKNYEAC-UHFFFAOYSA-N,InChIKey,DTXSID1040110,Ethyl propionate,0.000207411,0.047582976,0.041
FKUPPRZPSYCDRS-UHFFFAOYSA-N,InChIKey,DTXSID6044359,Pentadecan-15-olide,1.86E-08,529.1927262,0.004
FLTJDUOFAQWHDF-UHFFFAOYSA-N,InChIKey,DTXSID9073200,"Hexane, 2,2-dimethyl-",0.37672,2.61978E-05,0.0000026
FLXYIZWPNQYPIT-UHFFFAOYSA-N,InChIKey,DTXSID2029905,10:2 Fluorotelomer alcohol,3.67E-10,26895.74613,0.00013
FMGGHNGKHRCJLL-UHFFFAOYSA-N,InChIKey,DTXSID7052284,"1,2-Bis(chloromethyl)benzene",0.00146176,0.006751609,0.1
FMKOJHQHASLBPH-UHFFFAOYSA-N,InChIKey,DTXSID4058788,"Propane, 2-iodo-",0.0200379,0.000492528,0.00085
FMMWHPNWAFZXNH-UHFFFAOYSA-N,InChIKey,DTXSID2020139,Benzo(a)pyrene,4.59E-07,21.52105426,13.73333333
FMWLUWPQPKEARP-UHFFFAOYSA-N,InChIKey,DTXSID1020198,Bromodichloromethane,0.00211348,0.00466966,0.0043875
FOCAUTSVDIKZOP-UHFFFAOYSA-N,InChIKey,DTXSID4020901,Chloroacetic acid,9.31E-09,1059.605872,1100
FPIQNBOUYZLESW-UHFFFAOYSA-N,InChIKey,DTXSID70198680,4-Bromo-2-chloroanisole,0.000362075,0.027257426,0.013
FPWNLURCHDRMHC-UHFFFAOYSA-N,InChIKey,DTXSID3040300,4-Chlorobiphenyl,0.000572911,0.017226467,0.039
FQDIANVAWVHZIR-OWOJBTEDSA-N,InChIKey,DTXSID6020434,"(2E)-1,4-Dichlorobut-2-ene",0.00104558,0.009439003,0.035
FQDIANVAWVHZIR-UPHRSURJSA-N,InChIKey,DTXSID3027405,"(2Z)-1,4-Dichlorobut-2-ene",0.00104558,0.009439003,0.03
FRCCEHPWNOQAEU-UHFFFAOYSA-N,InChIKey,DTXSID3020679,Heptachlor,0.000292218,0.033773528,0.0199
FRCHKSNAZZFGCA-UHFFFAOYSA-N,InChIKey,DTXSID2020422,"1,1-Dichloro-1-fluoroethane",0.0010281,0.009599487,0.00029
FRQUNVLMWIYOLV-UHFFFAOYSA-N,InChIKey,DTXSID10202477,"2,3,4-Trichloroanisole",0.000536729,0.018387739,0.013
FTOVXSOBNPWTSH-UHFFFAOYSA-N,InChIKey,DTXSID0023907,Benzo(b)fluoranthene,1.60824E-05,0.613666658,15
FUNUTBJJKQIVSY-UHFFFAOYSA-N,InChIKey,DTXSID5040702,"2,4-Dichlorotoluene",0.0023239,0.004246841,0.0027
FUSUHKVFWTUUBE-UHFFFAOYSA-N,InChIKey,DTXSID3025671,Methyl vinyl ketone,4.95255E-05,0.199275781,0.29
FUUHMSUPRUNWRQ-UHFFFAOYSA-N,InChIKey,DTXSID90239660,"2,3,4,5-Tetrachloroanisole",0.000606633,0.016268869,0.0065
FUZZWVXGSFPDMH-UHFFFAOYSA-N,InChIKey,DTXSID7021607,Hexanoic acid,7.58E-07,13.01537393,11.16666667
FVSKHRXBFJPNKK-UHFFFAOYSA-N,InChIKey,DTXSID1021879,Propionitrile,3.70819E-05,0.266146898,0.292
FWAJPSIPOULHHH-UHFFFAOYSA-N,InChIKey,DTXSID5024346,"1,2,4-Tribromobenzene",0.000189798,0.051998613,0.031
FXHGMKSSBGDXIY-UHFFFAOYSA-N,InChIKey,DTXSID0021597,Heptanal,0.000268911,0.03670074,0.043333333
FXHOOIRPVKKKFG-UHFFFAOYSA-N,InChIKey,DTXSID5020499,"N,N-Dimethylacetamide",1.31E-08,751.0260001,440
FXRXQYZZALWWGA-UHFFFAOYSA-N,InChIKey,DTXSID3074159,"2,3,4',6-Tetrachlorobiphenyl",0.000139504,0.070745159,0.0415
FYGHSUNMUKGBRK-UHFFFAOYSA-N,InChIKey,DTXSID8047769,"1,2,3-Trimethylbenzene",0.00444257,0.002221514,0.0024
FZFUUSROAHKTTF-UHFFFAOYSA-N,InChIKey,DTXSID6073499,"2,2',3,3',6,6'-Hexachlorobiphenyl",8.69634E-05,0.113487199,0.054333333
GAPFWGOSHOCNBM-UHFFFAOYSA-N,InChIKey,DTXSID5061908,"Nitric acid, 1-methylethyl ester",0.00160977,0.006130834,0.00665
GATVIKZLVQHOMN-UHFFFAOYSA-N,InChIKey,DTXSID1020300,Chlorodibromomethane,0.000786921,0.01254158,0.008944444
GBDZXPJXOMHESU-UHFFFAOYSA-N,InChIKey,DTXSID6026088,"1,2,3,4-Tetrachlorobenzene",0.000761861,0.012954112,0.021875
GCDCKEORRIGZKI-UHFFFAOYSA-N,InChIKey,DTXSID40871034,4-(1-Methylpropyl)-2-nitrophenol,9.51714E-05,0.103699564,0.1
GETQZCLCWQTVFV-UHFFFAOYSA-N,InChIKey,DTXSID2026238,Trimethylamine,0.000104207,0.094707963,0.0855
GILIYJDBJZWGBG-UHFFFAOYSA-N,InChIKey,DTXSID20870520,"1,1,1-Trifluoro-2-propanol",2.17493E-05,0.453772428,0.45
GLOOIONSKMZYQZ-UHFFFAOYSA-N,InChIKey,DTXSID0074219,"2,2',3,4,6'-Pentachlorobiphenyl",6.79505E-05,0.145241502,0.022
GNEVIACKFGQMHB-UHFFFAOYSA-N,InChIKey,DTXSID70198443,Carbon suboxide,4.07E-07,24.22069955,0.013
GOYDNIKZWGIXJT-UHFFFAOYSA-N,InChIKey,DTXSID2075390,"Benzene, 1,2-difluoro-",0.0175738,0.000561588,0.0012
GRJRKPMIRMSBNK-UHFFFAOYSA-N,InChIKey,DTXSID5044572,"3,3,4,4,5,5,6,6,7,7,8,8,8-Tridecafluorooctanol",2.62E-10,37711.57636,0.000585
GRWFGVWFFZKLTI-UHFFFAOYSA-N,InChIKey,DTXSID4026501,alpha-Pinene,0.133474,7.39412E-05,0.0002122
GTLACDSXYULKMZ-UHFFFAOYSA-N,InChIKey,DTXSID1024251,Pentafluoroethane,0.0910392,0.000108406,0.000035
GUCFBWGWRCILHN-UHFFFAOYSA-N,InChIKey,DTXSID30202479,"3,4,5-Trichloroanisole",0.000429122,0.022998664,0.0044
GUVLYNGULCJVDO-UHFFFAOYSA-N,InChIKey,DTXSID1024091,EPTC,2.89E-07,34.13152437,0.299
GVEPBJHOBDJJJI-UHFFFAOYSA-N,InChIKey,DTXSID3024104,Fluoranthene,0.000008917,1.106788457,0.715
GVYLCNUFSHDAAW-UHFFFAOYSA-N,InChIKey,DTXSID7020895,Mirex,0.000811514,0.012161506,0.012
GWHJZXXIDMPWGX-UHFFFAOYSA-N,InChIKey,DTXSID6021402,"1,2,4-Trimethylbenzene",0.00620397,0.001590793,0.002066667
GWOWBISZHLPYEK-UHFFFAOYSA-N,InChIKey,DTXSID2074243,"2,3,3',4',5'-Pentachlorobiphenyl",5.76536E-05,0.171181551,0.16
GWYFCOCPABKNJV-UHFFFAOYSA-N,InChIKey,DTXSID5029182,Isovaleric acid,8.33E-07,11.85106208,11.75
GXDHCNNESPLIKD-UHFFFAOYSA-N,InChIKey,DTXSID5052256,2-Methylhexane,0.421303,2.34255E-05,0.000019
GXNNLIMMEXHBKV-UHFFFAOYSA-N,InChIKey,DTXSID3038301,"2,2',3,5',6-Pentachlorobiphenyl",0.000119341,0.082697754,0.0355
GYCMBHHDWRMZGG-UHFFFAOYSA-N,InChIKey,DTXSID1024176,Methacrylonitrile,1.09058E-05,0.904952655,0.054
GYFAGKUZYNFMBN-UHFFFAOYSA-N,InChIKey,DTXSID5023908,"Benzo(g,h,i)perylene",3.32E-07,29.70799218,30
GYHFUZHODSMOHU-UHFFFAOYSA-N,InChIKey,DTXSID9021639,Nonanal,0.000732043,0.013481766,0.031333333
GYLDXXLJMRTVSS-UHFFFAOYSA-N,InChIKey,DTXSID2061511,"Acetamide, N-butyl-",1.22E-07,80.87745062,2700
GZUXJHMPEANEGY-UHFFFAOYSA-N,InChIKey,DTXSID8020832,Methyl bromide,0.00739454,0.001334665,0.0015
HAXBIWFMXWRORI-UHFFFAOYSA-N,InChIKey,DTXSID0023909,Benzo(k)fluoranthene,5.87E-07,16.82317699,13.5
HCDGVLDPFQMKDK-UHFFFAOYSA-N,InChIKey,DTXSID2026949,Hexafluoropropene,0.000658973,0.014976687,6.8E-06
HCGFUIQPSOCUHI-UHFFFAOYSA-N,InChIKey,DTXSID4047466,2-Isopropoxyethanol,9.18E-07,10.75378527,4.8
HCRBXQFHJMCTLF-UHFFFAOYSA-N,InChIKey,DTXSID3052488,Ethyl 2-methylbutyrate,0.000387235,0.025486417,0.01795
HCWZEPKLWVAEOV-UHFFFAOYSA-N,InChIKey,DTXSID3038305,"2,2',5,5'-Tetrachlorobiphenyl",0.000199392,0.049496633,0.039375
HEDRZPFGACZZDS-UHFFFAOYSA-N,InChIKey,DTXSID1020306,Chloroform,0.0036506,0.002703455,0.002563158
HFEASCCDHUVYKU-UHFFFAOYSA-N,InChIKey,DTXSID1062095,"2,3-Dichloroanisole",0.0001317,0.074937226,0.022
HFFLGKNGCAIQMO-UHFFFAOYSA-N,InChIKey,DTXSID7024744,Chloral,2.97E-09,3323.555864,3400
HFPZCAJZSCWRBC-UHFFFAOYSA-N,InChIKey,DTXSID3026645,p-Cymene,0.00797231,0.001237939,0.0014
HFVMLYAGWXSTQI-QYXZOKGRSA-N,InChIKey,DTXSID0040965,Androstenone,1.99E-07,49.53538852,0.034
HFZWRUODUSTPEG-UHFFFAOYSA-N,InChIKey,DTXSID1020439,"2,4-Dichlorophenol",1.33379E-06,7.399390209,5
HGBOYTHUEUWSSQ-UHFFFAOYSA-N,InChIKey,DTXSID7021653,Pentanal,0.000146146,0.067529954,0.061
HGCIXCUEYOPUTN-UHFFFAOYSA-N,InChIKey,DTXSID9038717,Cyclohexene,0.0455407,0.000216712,0.00029
HGCMMKIIGJXXMW-UHFFFAOYSA-N,InChIKey,DTXSID70873561,2-Nitrooxy-1-propanol,2.19E-07,45.01832652,60.66666667
HGINCPLSRVDWNT-UHFFFAOYSA-N,InChIKey,DTXSID5020023,Acrolein,0.000120843,0.081669875,0.072
HGMYRFJAJNYBRX-UHFFFAOYSA-N,InChIKey,DTXSID7074161,"2,2',3,3',4,6,6'-Heptachlorobiphenyl",1.02702E-05,0.960958177,0.11
HHLFWLYXYJOTON-UHFFFAOYSA-N,InChIKey,DTXSID5021594,Glyoxylic acid,3.16E-08,312.2502964,110
HJBYDWKNARZTMJ-UHFFFAOYSA-N,InChIKey,DTXSID2074168,"2,2',3,3',4,5,5',6'-Octachlorobiphenyl",1.00394E-05,0.98305005,0.99
HJFZAYHYIWGLNL-UHFFFAOYSA-N,InChIKey,DTXSID5047619,"2,6-Dimethylpyrazine",4.44656E-06,2.219520858,0.98
HJWLCRVIBGQPNF-UHFFFAOYSA-N,InChIKey,DTXSID00861855,"benzene, 2-propenyl-",0.00270341,0.003650661,0.0014
HKMTVMBEALTRRR-UHFFFAOYSA-N,InChIKey,DTXSID3075204,11H-Benzo[a]fluorene,2.65973E-05,0.371061449,0.37
HKPHPIREJKHECO-UHFFFAOYSA-N,InChIKey,DTXSID3034402,Butachlor,4.89E-08,201.9569589,160
HLCSDJLATUNSSI-JXMROGBWSA-N,InChIKey,DTXSID90884174,"2,6-Octadienenitrile, 3,7-dimethyl-, (2E)-",1.52674E-05,0.646425237,0.029
HMMGMWAXVFQUOA-UHFFFAOYSA-N,InChIKey,DTXSID7027205,Octamethylcyclotetrasiloxane,11.9941,8.22841E-07,0.000031112
HMNKTRSOROOSPP-UHFFFAOYSA-N,InChIKey,DTXSID0022480,3-Ethylphenol,6.32E-07,15.62061998,4.9
HNBDRPTVWVGKBR-UHFFFAOYSA-N,InChIKey,DTXSID9060784,Methyl valerate,0.000318179,0.031017863,0.031
HNVRRHSXBLFLIG-UHFFFAOYSA-N,InChIKey,DTXSID3047471,2-Methyl-3-buten-2-ol,2.06023E-05,0.47903548,0.555
HOBRTVXSIVSXIA-UHFFFAOYSA-N,InChIKey,DTXSID1074177,"2,3,4,6-Tetrachlorobiphenyl",0.000208068,0.047432727,0.047
HOPMUCXYRNOABF-UHFFFAOYSA-N,InChIKey,DTXSID7074167,"2,2',3,3',4,5,5'-Heptachlorobiphenyl",1.38224E-06,7.140028264,0.76
HORNXRXVQWOLPJ-UHFFFAOYSA-N,InChIKey,DTXSID4024800,3-Chlorophenol,3.48E-07,28.35285725,34
HOYRZHJJAHRMLL-UHFFFAOYSA-N,InChIKey,DTXSID9027239,"4-Methyl-2,6-dinitrophenol",5.32E-08,185.6706895,190
HPNMFZURTQLUMO-UHFFFAOYSA-N,InChIKey,DTXSID6021909,Diethylamine,2.53955E-05,0.388621317,0.39
HPXRVTGHNJAIIH-UHFFFAOYSA-N,InChIKey,DTXSID4021894,Cyclohexanol,4.41121E-06,2.237307375,2.2
HPYNZHMRTTWQTB-UHFFFAOYSA-N,InChIKey,DTXSID6060395,"2,3-Dimethylpyridine",6.85338E-06,1.440053327,1.4
HQABUPZFAYXKJW-UHFFFAOYSA-N,InChIKey,DTXSID1021904,Butylamine,1.74122E-05,0.566799868,0.5725
HRVUKLBFRPWXPJ-UHFFFAOYSA-N,InChIKey,DTXSID50192489,"1,2,4-Trichlorodibenzo-1,4-dioxin",3.57539E-05,0.27603234,0.27
HRYZWHHZPQKTII-UHFFFAOYSA-N,InChIKey,DTXSID1020302,Chloroethane,0.0110933,0.000889657,0.000851667
HSFWRNGVRCDJHI-UHFFFAOYSA-N,InChIKey,DTXSID6026379,Ethyne,0.00269829,0.003657588,0.00041
HSNWZBCBUUSSQD-UHFFFAOYSA-N,InChIKey,DTXSID2058708,Amyl nitrate,0.00166384,0.0059316,0.0093
HTDQSWDEWGSAMN-UHFFFAOYSA-N,InChIKey,DTXSID4060367,"Benzene, 1-bromo-2-methoxy-",2.24078E-05,0.440437377,0.029
HTHNTJCVPNKCPZ-UHFFFAOYSA-N,InChIKey,DTXSID3073898,"Ethene, 2-chloro-1,1-difluoro-",0.00463567,0.002128977,0.00017
HTKIMWYSDZQQBP-UHFFFAOYSA-N,InChIKey,DTXSID70864656,2-(Nitrooxy)ethanol,2.60E-08,379.0129791,385
HTSABYAWKQAHBT-UHFFFAOYSA-N,InChIKey,DTXSID80870642,3-Methylcyclohexanol,3.72614E-06,2.648647841,2.7
HUMNYLRZRPPJDN-UHFFFAOYSA-N,InChIKey,DTXSID8039241,Benzaldehyde,2.67377E-05,0.369113,0.365
HVTICUPFWKNHNG-UHFFFAOYSA-N,InChIKey,DTXSID9058783,"Ethane, iodo-",0.00559779,0.001763059,0.00145
HVZJRWJGKQPSFL-UHFFFAOYSA-N,InChIKey,DTXSID8024521,tert-Amyl methyl ether,0.00132637,0.007440784,0.0077
HWWYDZCSSYKIAD-UHFFFAOYSA-N,InChIKey,DTXSID5052254,"3,5-Dimethylpyridine",6.95419E-06,1.419177887,1.4
HXGDTGSAIMULJN-UHFFFAOYSA-N,InChIKey,DTXSID3023845,Acenaphthylene,0.000114058,0.086528193,0.084666667
HZAXFHJVJLSVMW-UHFFFAOYSA-N,InChIKey,DTXSID6022000,Ethanolamine,5.96E-08,165.5447663,60000
HZUMMZVMNQSPFF-UHFFFAOYSA-N,InChIKey,DTXSID80182095,"Peroxide, nitro 1-oxobutyl",7.6107E-06,1.296757548,0.023
IAIHUHQCLTYTSF-OYNCUSHFSA-N,InChIKey,DTXSID6044307,(1R)-endo-(+)-Fenchyl alcohol,9.15565E-06,1.07793905,0.36
IAKOZHOLGAGEJT-UHFFFAOYSA-N,InChIKey,DTXSID9020827,Methoxychlor,2.05E-07,48.10130165,49
IAYPIBMASNFSPL-UHFFFAOYSA-N,InChIKey,DTXSID0020600,Ethylene oxide,0.000147922,0.066719167,0.058
IAZDPXIOMUYVGZ-UHFFFAOYSA-N,InChIKey,DTXSID2021735,Dimethyl sulfoxide,1.53E-09,6450.225917,5420
IBSQPLPBRSHTTG-UHFFFAOYSA-N,InChIKey,DTXSID8023977,2-Chlorotoluene,0.00352555,0.002799346,0.0028
ICOAEPDGFWLUTI-UHFFFAOYSA-N,InChIKey,DTXSID3040302,"2,2',4,4',6,6'-Hexachlorobiphenyl",8.56007E-05,0.115293831,0.013
IDNUEBSJWINEMI-UHFFFAOYSA-N,InChIKey,DTXSID0060806,Ethyl nitrate,0.00166617,0.005923305,0.016
IIEWJVIFRVWJOD-UHFFFAOYSA-N,InChIKey,DTXSID1051779,Ethylcyclohexane,0.131791,7.48855E-05,0.000026
IJDNQMDRQITEOD-UHFFFAOYSA-N,InChIKey,DTXSID7024665,Butane,0.471425,2.09349E-05,0.0000105
IKHGUXGNUITLKF-UHFFFAOYSA-N,InChIKey,DTXSID5039224,Acetaldehyde,6.60901E-05,0.14932997,0.1421
ILHIHKRJJMKBEE-UHFFFAOYSA-N,InChIKey,DTXSID70184402,Ethyl hydroperoxide,2.93871E-06,3.358355424,7.15
IMFACGCPASFAPR-UHFFFAOYSA-N,InChIKey,DTXSID4026183,Tributylamine,0.00146395,0.006741509,0.4
IMNFDUFMRHMDMM-UHFFFAOYSA-N,InChIKey,DTXSID6024127,Heptane,0.395392,2.49606E-05,6.16667E-06
INQOMBQAUSQDDS-UHFFFAOYSA-N,InChIKey,DTXSID0024187,Methyl iodide,0.00524454,0.001881811,0.001844444
IOQPZZOEVPZRBK-UHFFFAOYSA-N,InChIKey,DTXSID8021939,1-Octanamine,4.07742E-05,0.242046016,0.19
IQUPABOKLQSFBK-UHFFFAOYSA-N,InChIKey,DTXSID1021790,2-Nitrophenol,1.27879E-05,0.77176336,0.9725
IRIAEXORFWYRCZ-UHFFFAOYSA-N,InChIKey,DTXSID3020205,Benzyl butyl phthalate,2.91E-08,339.7174194,100
ISAVYTVYFVQUDY-UHFFFAOYSA-N,InChIKey,DTXSID9022360,"4-(1,1,3,3-Tetramethylbutyl)phenol",7.90096E-06,1.249118166,2.3
ISPYQTSUDJAMAB-UHFFFAOYSA-N,InChIKey,DTXSID5021544,2-Chlorophenol,1.10593E-05,0.892392165,2.55
ISSLCMSTXXUOEU-UHFFFAOYSA-N,InChIKey,DTXSID70875626,"2,5-HEXYLDINITRATE",2.01288E-05,0.490304075,0.31
ISWXYJQANHQYSR-UHFFFAOYSA-N,InChIKey,DTXSID90986723,2-Oxopropyl nitrate,3.45042E-06,2.86029894,10
ITQTTZVARXURQS-UHFFFAOYSA-N,InChIKey,DTXSID9021897,3-Methylpyridine,7.71969E-06,1.278449351,0.86
ITXDBGLYYSJNPK-UHFFFAOYSA-N,InChIKey,DTXSID80239654,"2,3,4,6-Tetrachloroanisole",0.000653429,0.015103757,0.0031
IUGYQRQAERSCNH-UHFFFAOYSA-N,InChIKey,DTXSID8026432,"2,2-Dimethylpropanoic acid",2.74031E-06,3.601502263,3.5
IUMSDRXLFWAGNT-UHFFFAOYSA-N,InChIKey,DTXSID6027183,Dodecamethylcyclohexasiloxane,9.56995,1.03127E-06,0.0000728
IUTPYMGCWINGEY-UHFFFAOYSA-N,InChIKey,DTXSID4032116,"2,3',4,4',5-Pentachlorobiphenyl",7.86404E-05,0.125498251,0.039933333
IVSZLXZYQVIEFR-UHFFFAOYSA-N,InChIKey,DTXSID6026298,m-Xylene,0.00713593,0.001383034,0.00138
IWDCLRJOBJJRNH-UHFFFAOYSA-N,InChIKey,DTXSID7021869,p-Cresol,9.85E-07,10.01585477,10.38
IYRWEQXVUNLMAY-UHFFFAOYSA-N,InChIKey,DTXSID7059858,Carbonic difluoride,0.0147282,0.000670091,0.17995
IZUPBVBPLAPZRR-UHFFFAOYSA-N,InChIKey,DTXSID7021106,Pentachlorophenol,2.46E-08,401.2747733,410
JAHJITLFJSDRCG-UHFFFAOYSA-N,InChIKey,DTXSID1074171,"2,2',3,3',4,4',5,6-Octachlorobiphenyl",1.09965E-05,0.897488534,0.4855
JARKCYVAAOWBJS-UHFFFAOYSA-N,InChIKey,DTXSID2021604,Hexanal,0.000212013,0.04655013,0.04625
JAYCNKDKIKZTAF-UHFFFAOYSA-N,InChIKey,DTXSID4044533,"2,2'-Dichlorobiphenyl",0.00023038,0.04283893,0.0354
JCMNMOBHVPONLD-UHFFFAOYSA-N,InChIKey,DTXSID1062122,4:2 Fluorotelomer alcohol,2.64E-09,3738.444833,0.006553667
JDUYPUMQALQRCN-UHFFFAOYSA-N,InChIKey,DTXSID8023927,p-Bromodiphenyl ether,0.000141951,0.06952563,0.050333333
JFDZBHWFFUWGJE-UHFFFAOYSA-N,InChIKey,DTXSID7021491,Benzonitrile,3.59627E-05,0.274429692,0.29
JGHZJRVDZXSNKQ-UHFFFAOYSA-N,InChIKey,DTXSID2026864,Methyl octanoate,0.000778515,0.012676997,0.01145
JHBKHLUZVFWLAG-UHFFFAOYSA-N,InChIKey,DTXSID7024320,"1,2,4,5-Tetrachlorobenzene",0.00100348,0.009835007,0.0115
JHIVVAPYMSGYDF-UHFFFAOYSA-N,InChIKey,DTXSID6020359,Cyclohexanone,9.06358E-06,1.088889012,0.82
JHJMZCXLJXRCHK-UHFFFAOYSA-N,InChIKey,DTXSID20866044,"2,3,3',4,5,6-Hexachlorobiphenyl",2.00579E-05,0.492037186,0.49
JIWAGFGPBKDFQN-UHFFFAOYSA-N,InChIKey,DTXSID0021468,"1,4-Dinitroso-2,6-dimethylpiperazine",4.33E-07,22.81513144,190
JJUBFBTUBACDHW-UHFFFAOYSA-N,InChIKey,DTXSID7029904,"3,3,4,4,5,5,6,6,7,7,8,8,9,9,10,10,10-Heptadecafluoro-1-decanol",2.07E-10,47639.479,0.000185
JJWKPURADFRFRB-UHFFFAOYSA-N,InChIKey,DTXSID6023949,Carbonyl sulfide,3.09872E-05,0.318493851,0.000218333
JJYPMNFTHPTTDI-UHFFFAOYSA-N,InChIKey,DTXSID1026792,3-Methylaniline,1.67924E-06,5.877201988,5.9
JLJXMZMKMRQOLN-UHFFFAOYSA-N,InChIKey,DTXSID50168962,"Methanol, dioxybis (9CI)",1.01E-07,97.76550964,51700
JLYXXMFPNIAWKQ-UHFFFAOYSA-N,InChIKey,DTXSID7020687,"1,2,3,4,5,6-Hexachlorocyclohexane",3.21199E-06,3.072622476,25
JNTOKFNBDFMTIV-UHFFFAOYSA-N,InChIKey,DTXSID2060834,n-Propyl nitrate,0.00127506,0.00774021,0.0092
JPGQOUSTVILISH-UHFFFAOYSA-N,InChIKey,DTXSID1020562,Enflurane,0.0448147,0.000220223,0.00028
JPOPEORRMSDUIP-UHFFFAOYSA-N,InChIKey,DTXSID0074132,"2,2',3,3',5,5',6,6'-Octachlorobiphenyl",1.79343E-05,0.550299296,0.55
JPOXNPPZZKNXOV-UHFFFAOYSA-N,InChIKey,DTXSID4021503,Bromochloromethane,0.00377157,0.002616744,0.0072
JQVDAXLFBXTEQA-UHFFFAOYSA-N,InChIKey,DTXSID7024952,N-Butyl-1-butanamine,8.86318E-05,0.111350922,0.555
JSZOAYXJRCEYSX-UHFFFAOYSA-N,InChIKey,DTXSID1020980,1-Nitropropane,8.64956E-05,0.114100979,0.13
JTPNRXUCIXHOKM-UHFFFAOYSA-N,InChIKey,DTXSID2024791,1-Chloronaphthalene,0.000352983,0.027959513,0.0154
JTUSORDQZVOEAZ-UHFFFAOYSA-N,InChIKey,DTXSID2073510,"2,2',3,4',5'-Pentachlorobiphenyl",7.40345E-05,0.13330586,0.073
JUJWROOIHBZHMG-RALIUCGRSA-N,InChIKey,DTXSID50993690,(~2~H_5_)Pyridine,0.000010967,0.899902678,4.2
JUJWROOIHBZHMG-UHFFFAOYSA-N,InChIKey,DTXSID9021924,Pyridine,0.000010967,0.899902678,0.775142857
JXSJBGJIGXNWCI-UHFFFAOYSA-N,InChIKey,DTXSID4020791,Malathion,4.88E-09,2023.685869,1335
JXTHNDFMNIQAHM-UHFFFAOYSA-N,InChIKey,DTXSID2020428,Dichloroacetic acid,8.39E-09,1176.961327,1200
JYVLIDXNZAXMDK-UHFFFAOYSA-N,InChIKey,DTXSID3052721,Pentan-2-ol,1.46765E-05,0.672451379,0.67
JYYNAJVZFGKDEQ-UHFFFAOYSA-N,InChIKey,DTXSID2051556,"2,4-Dimethylpyridine",6.98374E-06,1.41317298,1.245
KAESVJOAVNADME-UHFFFAOYSA-N,InChIKey,DTXSID5021910,Pyrrole,1.79434E-05,0.550020212,0.55
KAKZBPTYRLMSJV-UHFFFAOYSA-N,InChIKey,DTXSID3020203,"1,3-Butadiene",0.0412947,0.000238995,0.00014
KBPLFHHGFOOTCA-UHFFFAOYSA-N,InChIKey,DTXSID7021940,1-Octanol,2.46425E-05,0.400496405,0.3625
KCXMKQUNVWSEMD-UHFFFAOYSA-N,InChIKey,DTXSID0020153,Benzyl chloride,0.00291872,0.003381356,0.02
KDKYADYSIPSCCQ-UHFFFAOYSA-N,InChIKey,DTXSID4029141,1-Butyne,0.041479,0.000237933,0.00072
KDPAWGWELVVRCH-UHFFFAOYSA-N,InChIKey,DTXSID7021495,Bromoacetic acid,6.56E-09,1505.601466,1500
KENZYIHFBRWMOD-UHFFFAOYSA-N,InChIKey,DTXSID3038309,"2,3',4',5-Tetrachlorobiphenyl",0.00010028,0.09841676,0.061333333
KFNNIILCVOLYIR-UHFFFAOYSA-N,InChIKey,DTXSID3059391,"Formic acid, propyl ester",0.000267423,0.036904951,0.026
KFSLWBXXFJQRDL-UHFFFAOYSA-N,InChIKey,DTXSID1025853,Peracetic acid,2.13465E-06,4.623349339,12.93333333
KFUSEUYYWQURPO-OWOJBTEDSA-N,InChIKey,DTXSID7024031,"(E)-1,2-Dichloroethylene",0.00563853,0.00175032,0.00112
KFUSEUYYWQURPO-UPHRSURJSA-N,InChIKey,DTXSID2024030,"(Z)-1,2-Dichloroethylene",0.00563853,0.00175032,0.002233333
KFZMGEQAYNKOFK-UHFFFAOYSA-N,InChIKey,DTXSID7020762,Isopropanol,8.08862E-06,1.220138005,0.812818182
KJDRSWPQXHESDQ-UHFFFAOYSA-N,InChIKey,DTXSID5021918,"1,4-Dichlorobutane",0.0004899,0.020145402,0.02
KKQWHYGECTYFIA-UHFFFAOYSA-N,InChIKey,DTXSID7073480,"2,5-Dichlorobiphenyl",0.000274305,0.035979048,0.024333333
KLIDCXVFHGNTTM-UHFFFAOYSA-N,InChIKey,DTXSID2052607,"2,6-Dimethoxyphenol",2.31E-07,42.76764429,43.5
KMAQZIILEGKYQZ-UHFFFAOYSA-N,InChIKey,DTXSID4021971,1-Chloro-3-nitrobenzene,1.33723E-05,0.738035541,0.73
KNKRKFALVUDBJE-UHFFFAOYSA-N,InChIKey,DTXSID0020448,"1,2-Dichloropropane",0.00279293,0.003533648,0.003738462
KNUQGVIXAYDSOX-UHFFFAOYSA-N,InChIKey,DTXSID00873559,1-Nitrooxy-2-butanol,1.71E-07,57.56601455,73
KOSAMXZBGUIISK-UHFFFAOYSA-N,InChIKey,DTXSID20188117,"1,3-Propanediol, dinitrate (8CI)(9CI)",1.98309E-05,0.497669428,1.3
KQBFUDNJKCZEDQ-UHFFFAOYSA-N,InChIKey,DTXSID7074163,"2,2',3,4,4',5',6-Heptachlorobiphenyl",1.08262E-05,0.91160635,0.0835
KQNPFQTWMSNSAP-UHFFFAOYSA-N,InChIKey,DTXSID4021636,2-Methylpropanoic acid,8.84E-07,11.16484606,21.9
KSFCDINBDBFFSI-UHFFFAOYSA-N,InChIKey,DTXSID30157617,N-Amyl-N-methylnitrosamine,0.000391743,0.025193131,2
KSMVNVHUTQZITP-UHFFFAOYSA-N,InChIKey,DTXSID3052147,"2,3,7,8-Tetrachlorodibenzofuran",1.69267E-05,0.583057103,0.59
KSMVZQYAVGTKIV-UHFFFAOYSA-N,InChIKey,DTXSID4021553,Decanal,0.0017904,0.005512306,0.0601
KTXUOWUHFLBZPW-UHFFFAOYSA-N,InChIKey,DTXSID70872817,"3,3'-Dichloro-1,1'-biphenyl",0.00023307,0.0423445,0.042
KUFFULVDNCHOFZ-UHFFFAOYSA-N,InChIKey,DTXSID2021864,"2,4-Dimethylphenol",9.63E-07,10.25091525,3.833966667
KVFIJIWMDBAGDP-UHFFFAOYSA-N,InChIKey,DTXSID2065676,Ethylpyrazine,2.45668E-06,4.017304927,4
KVNRLNFWIYMESJ-UHFFFAOYSA-N,InChIKey,DTXSID1026823,Butanenitrile,5.21622E-05,0.189202769,0.184
KVZJLSYJROEPSQ-OCAPTIKFSA-N,InChIKey,DTXSID80858743,"(Z)-1,2-Dimethylcyclohexane",0.139207,7.08961E-05,0.000029
KWOLFJPFCHCOCG-UHFFFAOYSA-N,InChIKey,DTXSID6021828,Acetophenone,1.04081E-05,0.948226157,0.9925
KWOLFJPFCHCOCG-VIQYUKPQSA-N,InChIKey,DTXSID70466417,"Acetophenone-2',3',4',5',6'-d5",1.04081E-05,0.948226157,2.3
KXKVLQRXCPHEJC-UHFFFAOYSA-N,InChIKey,DTXSID4021767,Methyl acetate,0.000115429,0.085500461,0.09
KYWIYKKSMDLRDC-UHFFFAOYSA-N,InChIKey,DTXSID2021943,2-Undecanone,6.38704E-05,0.154519663,0.016
KZLMCDNAVVJKPX-UHFFFAOYSA-N,InChIKey,DTXSID1062097,"2,6-Dichloroanisole",2.26717E-05,0.435310659,0.0088
LACXVZHAJMVESG-UHFFFAOYSA-N,InChIKey,DTXSID9073599,"2,2',3,4,4'-Pentachlorobiphenyl",6.61941E-05,0.149095352,0.077666667
LAHWLEDBADHJGA-UHFFFAOYSA-N,InChIKey,DTXSID8038304,"2,2',4,5,5'-Pentachlorobiphenyl",0.00008979,0.109914608,0.0594
LAXBNTIAOJWAOP-UHFFFAOYSA-N,InChIKey,DTXSID6040298,2-Chlorobiphenyl,0.000731787,0.013486483,0.033
LBKDGROORAKTLC-UHFFFAOYSA-N,InChIKey,DTXSID2022094,"1,5-Dichloropentane",0.000564294,0.017489523,0.018
LCCNCVORNKJIRZ-UHFFFAOYSA-N,InChIKey,DTXSID7021100,Parathion,2.98E-07,33.08536711,120
LCFKURIJYIJNRU-UHFFFAOYSA-N,InChIKey,DTXSID301031552,2-Methylhexanol,2.24093E-05,0.440407896,0.69
LCTONWCANYUPML-UHFFFAOYSA-N,InChIKey,DTXSID2021650,Pyruvic acid,3.25E-09,3040.934927,3100
LCXMEXLGMKFLQO-UHFFFAOYSA-N,InChIKey,DTXSID0052706,"2,3,3',4,4',5-Hexachlorobiphenyl",2.83495E-05,0.348127222,0.0485
LCZUOKDVTBMCMX-UHFFFAOYSA-N,InChIKey,DTXSID6047652,"2,5-Dimethylpyrazine",4.37264E-06,2.257042123,7.1
LDZLXQFDGRCELX-UHFFFAOYSA-N,InChIKey,DTXSID3062994,Benzenebutanol,5.50E-07,17.95075013,6.7
LELOWRISYMNNSU-UHFFFAOYSA-N,InChIKey,DTXSID9024148,Hydrogen cyanide,0.000133572,0.073886987,0.0975
LEQAOMBKQFMDFZ-UHFFFAOYSA-N,InChIKey,DTXSID5025364,Glyoxal,3.39E-09,2914.433226,152140
LFHISGNCFUNFFM-UHFFFAOYSA-N,InChIKey,DTXSID0020315,Trichloronitromethane,0.00206106,0.004788426,0.00475
LFJQCDVYDGGFCH-UHFFFAOYSA-N,InChIKey,DTXSID4052215,beta-Phellandrene,0.049642,0.000198808,0.00018
LFQSCWFLJHTTHZ-UHFFFAOYSA-N,InChIKey,DTXSID9020584,Ethanol,5.01351E-06,1.968527572,1.823076923
LGDSHSYDSCRFAB-UHFFFAOYSA-N,InChIKey,DTXSID2027204,Methyl isothiocyanate,6.71303E-06,1.470160668,0.16
LGXVIGDEPROXKC-UHFFFAOYSA-N,InChIKey,DTXSID8021438,"1,1-Dichloroethylene",0.0257407,0.00038341,0.000336615
LHGVFZTZFXWLCP-UHFFFAOYSA-N,InChIKey,DTXSID0023113,2-Methoxyphenol,1.18121E-06,8.355188889,8.4
LINPIYWFGCPVIE-UHFFFAOYSA-N,InChIKey,DTXSID5021386,"2,4,6-Trichlorophenol",1.3403E-06,7.363450472,2
LJQOBQLZTUSEJA-UHFFFAOYSA-N,InChIKey,DTXSID4074148,"2,2',3,3',4,5',6,6'-Octachlorobiphenyl",1.69478E-05,0.582331197,0.295
LJSQFQKUNVCTIA-UHFFFAOYSA-N,InChIKey,DTXSID5027146,Diethyl sulfide,0.00168512,0.005856694,0.00445
LKHLFUVHHXCNJH-UHFFFAOYSA-N,InChIKey,DTXSID1073498,"2,2',3,4',5',6-Hexachlorobiphenyl",4.30257E-05,0.229379944,0.041
LKPLKUMXSAEKID-UHFFFAOYSA-N,InChIKey,DTXSID2021105,Pentachloronitrobenzene,0.000939027,0.010510063,2.7
LLZWPQFQEBKRLX-UHFFFAOYSA-N,InChIKey,DTXSID10236878,"Peroxide, 2-methyl-1-oxo-2-propenyl nitro",4.68796E-06,2.105229709,0.017
LMIMSGCBKHFTDY-UHFFFAOYSA-N,InChIKey,DTXSID9020611,Ethylnitrosocyanamide,1.68E-07,58.60137084,0.26
LMQJBFRGXHMNOX-UHFFFAOYSA-N,InChIKey,DTXSID1073496,"2,2',4,4',5-Pentachlorobiphenyl",7.79972E-05,0.126533166,0.038666667
LNNXFUZKZLXPOF-UHFFFAOYSA-N,InChIKey,DTXSID70202655,Isobutyl nitrate,0.00224141,0.004403136,0.007
LNWWQYYLZVZXKS-UHFFFAOYSA-N,InChIKey,DTXSID50193315,"Pyrrolidine, 1-acetyl-",1.97E-08,499.9054141,6200
LOCWBQIWHWIRGN-UHFFFAOYSA-N,InChIKey,DTXSID4021973,2-Chloro-4-nitroaniline,9.48E-09,1041.349393,1000
LPIQUOYDBNQMRZ-UHFFFAOYSA-N,InChIKey,DTXSID6029171,Cyclopentene,0.0128749,0.000766548,0.00023
LQEGJNOKOZHBBZ-UHFFFAOYSA-N,InChIKey,DTXSID0074215,"2,3',4,5-Tetrachlorobiphenyl",0.000100414,0.098285425,0.099
LQNUZADURLCDLV-RALIUCGRSA-N,InChIKey,DTXSID6049690,Nitrobenzene-d5,2.37979E-05,0.414710234,0.85
LQNUZADURLCDLV-UHFFFAOYSA-N,InChIKey,DTXSID3020964,Nitrobenzene,2.37979E-05,0.414710234,0.4255
LQZZUXJYWNFBMV-UHFFFAOYSA-N,InChIKey,DTXSID5026918,1-Dodecanol,2.21925E-05,0.44471027,0.44
LRDFRRGEGBBSRN-UHFFFAOYSA-N,InChIKey,DTXSID5026461,2-Methylpropanenitrile,3.15419E-05,0.312892777,0.094
LRHPLDYGYMQRHN-UHFFFAOYSA-N,InChIKey,DTXSID1021740,1-Butanol,8.83859E-06,1.116607136,0.995294118
LRMHVVPPGGOAJQ-UHFFFAOYSA-N,InChIKey,DTXSID4073205,Methyl nitrate,0.00172017,0.005737359,0.02
LSDPWZHWYPCBBB-UHFFFAOYSA-N,InChIKey,DTXSID5026382,Methanethiol,0.00468647,0.002105899,0.003066667
LVBXEMGDVWVTGY-VOTSOKGWSA-N,InChIKey,DTXSID40858789,(E)-2-Octenal,7.41909E-05,0.133024841,0.13
LVGUZGTVOIAKKC-UHFFFAOYSA-N,InChIKey,DTXSID1021324,"1,1,1,2-Tetrafluoroethane",0.0499884,0.00019743,0.000175
LVROLHVSYNLFBE-UHFFFAOYSA-N,InChIKey,DTXSID3073557,"2,3,6-Trichlorobiphenyl",0.000219152,0.045033733,0.036333333
LVZWSLJZHVFIQJ-UHFFFAOYSA-N,InChIKey,DTXSID4058786,Cyclopropane,0.137716,7.16637E-05,0.000078
LYCAIKOWRPUZTN-UHFFFAOYSA-N,InChIKey,DTXSID8020597,Ethylene glycol,6.00E-08,164.5014679,2080
LYGJENNIWJXYER-OUBTZVSYSA-N,InChIKey,DTXSID60452405,Nitromethane-13C,2.86351E-05,0.34465508,0.48
LYGJENNIWJXYER-UHFFFAOYSA-N,InChIKey,DTXSID2020977,Nitromethane,2.86351E-05,0.34465508,0.386666667
MBDOYVRWFFCFHM-SNAWJCMRSA-N,InChIKey,DTXSID1041425,(2E)-2-Hexenal,4.90495E-05,0.201209649,0.17
MCSAJNNLRCFZED-UHFFFAOYSA-N,InChIKey,DTXSID8020969,Nitroethane,4.75289E-05,0.207646983,0.81
MEUKEBNAABNAEX-UHFFFAOYSA-N,InChIKey,DTXSID10184401,Methyl hydroperoxide,4.5161E-06,2.185344139,5.15
MFEIKQPHQINPRI-UHFFFAOYSA-N,InChIKey,DTXSID6060212,3-Ethylpyridine,1.06625E-05,0.925602126,0.95
MIYIEPHJPVBSEV-UHFFFAOYSA-N,InChIKey,DTXSID80188118,"1,5-Pentanediol, dinitrate",1.89306E-05,0.521337552,1.2
MKERQGLKSFEKAE-UHFFFAOYSA-N,InChIKey,DTXSID70202478,"Benzene, 1,2,5-trichloro-3-methoxy-",1.46E-07,67.67814153,0.0076
MLRVZFYXUZQSRU-UHFFFAOYSA-N,InChIKey,DTXSID1060265,1-Chlorohexane,0.0240667,0.000410078,0.00036
MLUCVPSAIODCQM-NSCUHMNNSA-N,InChIKey,DTXSID6020351,(E)-Crotonaldehyde,1.47885E-05,0.667358601,0.5
MMTJWDQKGUNSDK-UHFFFAOYSA-N,InChIKey,DTXSID7074242,"2,2',3,4',5,6,6'-Heptachlorobiphenyl",2.58267E-05,0.382132935,0.0088
MOYAFQVGZZPNRA-UHFFFAOYSA-N,InChIKey,DTXSID0027222,Terpinolene,0.0261629,0.000377222,0.00038
MPPPKRYCTPRNTB-UHFFFAOYSA-N,InChIKey,DTXSID6021903,1-Bromobutane,0.00958027,0.001030162,0.00064
MSXVEPNJUHWQHW-UHFFFAOYSA-N,InChIKey,DTXSID0041436,2-Methyl-2-butanol,1.38325E-05,0.713481487,0.71
MTCPZNVSDFCBBE-UHFFFAOYSA-N,InChIKey,DTXSID0074184,"2,2',4,6,6'-Pentachlorobiphenyl",5.01951E-05,0.196617452,0.012333333
MTLMVEWEYZFYTH-UHFFFAOYSA-N,InChIKey,DTXSID7073482,"2,4,6-Trichlorobiphenyl",0.000205612,0.047999303,0.015
MUXOBHXGJLMRAB-UHFFFAOYSA-N,InChIKey,DTXSID5025152,Dimethyl succinate,1.16226E-05,0.849141558,30
MVPPADPHJFYWMZ-RALIUCGRSA-N,InChIKey,DTXSID90953233,1-Chloro(~2~H_5_)benzene,0.00310295,0.003180597,0.0036
MVPPADPHJFYWMZ-UHFFFAOYSA-N,InChIKey,DTXSID4020298,Chlorobenzene,0.00310295,0.003180597,0.002724138
MVWHGTYKUMDIHL-UHFFFAOYSA-N,InChIKey,DTXSID2032180,"2,2',4,4',5,5'-Hexachlorobiphenyl",2.32056E-05,0.425295302,0.143166667
MVXIJRBBCDLNLX-UHFFFAOYSA-N,InChIKey,DTXSID9074777,"2,2',6-Trichlorobiphenyl",0.000229211,0.043057413,0.036333333
MWKFXSUHUHTGQN-UHFFFAOYSA-N,InChIKey,DTXSID7021946,1-Decanol,3.18976E-05,0.309403612,0.150333333
MWPLVEDNUUSJAV-UHFFFAOYSA-N,InChIKey,DTXSID0023878,Anthracene,5.54362E-05,0.178028665,0.191272727
MWWATHDPGQKSAR-UHFFFAOYSA-N,InChIKey,DTXSID0026387,1-Propyne,0.00577992,0.001707503,0.00072
NAMYKGVDVNBCFQ-UHFFFAOYSA-N,InChIKey,DTXSID7030197,2-Bromopropane,0.0152427,0.000647473,0.00087
NBBJYMSMWIIQGU-UHFFFAOYSA-N,InChIKey,DTXSID2021658,Propanal,7.33476E-05,0.134554269,0.114333333
NBFMTHWVRBOVPE-UHFFFAOYSA-N,InChIKey,DTXSID1020435,"2,7-Dichlorodibenzo-p-dioxin",7.23987E-06,1.36317816,0.17
NBUKAOOFKZFCGD-UHFFFAOYSA-N,InChIKey,DTXSID8058796,"2,2,3,3-Tetrafluoro-1-propanol",6.30374E-06,1.565615439,1.5
NBVXSUQYWXRMNV-UHFFFAOYSA-N,InChIKey,DTXSID6060474,Fluoromethane,0.00722147,0.001366651,0.00056
NDVWOBYBJYUSMF-UHFFFAOYSA-N,InChIKey,DTXSID90862235,2-Methylcyclohexanol,7.51241E-06,1.313723914,1.3
NEHMKBQYUWJMIP-UHFFFAOYSA-N,InChIKey,DTXSID0021541,Chloromethane,0.00883123,0.001117538,0.001016364
NEZWFWIACBUQMN-UHFFFAOYSA-N,InChIKey,DTXSID60166636,"Methanol, hydroperoxy-",3.13E-08,314.8653078,12233.33333
NFACJZMKEDPNKN-UHFFFAOYSA-N,InChIKey,DTXSID0021389,Trichlorfon,1.47E-07,67.07375742,810
NFLGAXVYCFJBMK-UHFFFAOYSA-N,InChIKey,DTXSID80859154,"cyclohexanone, 5-methyl-2-(1-methylethyl)-",0.000111886,0.088207932,0.057
NGXUJKBJBFLCAR-UHFFFAOYSA-N,InChIKey,DTXSID3041081,N-Nitrosomethylbenzylamine,9.88E-07,9.988272904,0.79
NHTMVDHEPJAVLT-UHFFFAOYSA-N,InChIKey,DTXSID7024370,"2,2,4-Trimethylpentane",0.380332,2.5949E-05,4.6E-06
NIHNNTQXNPWCJQ-UHFFFAOYSA-N,InChIKey,DTXSID8024105,Fluorene,9.61126E-05,0.102684067,0.1365
NKTOLZVEWDHZMU-UHFFFAOYSA-N,InChIKey,DTXSID6025145,"2,5-Dimethylphenol",1.02158E-06,9.660753604,7.5
NLHHRLWOUZZQLW-UHFFFAOYSA-N,InChIKey,DTXSID5020029,Acrylonitrile,0.000136709,0.072191536,0.12
NMWKWBPNKPGATC-UHFFFAOYSA-N,InChIKey,DTXSID2058045,Fthalide,9.08E-09,1087.457638,18
NNBZCPXTIHJBJL-UHFFFAOYSA-N,InChIKey,DTXSID1024912,Decalin,0.0382869,0.00025777,0.000072
NNPPMTNAJDCUHE-UHFFFAOYSA-N,InChIKey,DTXSID1026401,Isobutane,0.452597,2.18058E-05,0.00011
NPDACUSDTOMAMK-UHFFFAOYSA-N,InChIKey,DTXSID8024814,4-Chlorotoluene,0.00155656,0.006340413,0.0035
NPFVOOAXDOBMCE-PLNGDYQASA-N,InChIKey,DTXSID0041484,(3Z)-3-Hexenyl acetate,0.000461836,0.021369561,0.031
NPFVOOAXDOBMCE-SNAWJCMRSA-N,InChIKey,DTXSID00880889,trans-3-Hexenyl acetate,0.000461836,0.021369561,0.033
NPNPZTNLOVBDOC-UHFFFAOYSA-N,InChIKey,DTXSID0024050,"1,1-Difluoroethane",0.0203249,0.000485573,0.00051
NQBXSWAWVZHKBZ-UHFFFAOYSA-N,InChIKey,DTXSID1026904,2-Butoxyethyl acetate,5.50607E-06,1.792427751,1.8
NQFUSWIGRKFAHK-UHFFFAOYSA-N,InChIKey,DTXSID5051781,alpha-Pinene oxide,0.000107491,0.091814502,0.023
NQPDZGIKBAWPEJ-UHFFFAOYSA-N,InChIKey,DTXSID7021655,Pentanoic acid,4.76E-07,20.74143833,18.66666667
NQRYJNQNLNOLGT-UHFFFAOYSA-N,InChIKey,DTXSID6021165,Piperidine,4.46491E-06,2.210399015,2.8
NQXUSSVLFOBRSE-UHFFFAOYSA-N,InChIKey,DTXSID00220261,6-Nitro-m-cresol,1.28201E-05,0.769824936,0.77
NRGGMCIBEHEAIL-UHFFFAOYSA-N,InChIKey,DTXSID4021844,2-Ethylpyridine,1.52218E-05,0.648361736,0.6
NSKIRYMHNFTRLR-UHFFFAOYSA-N,InChIKey,DTXSID4052689,"2,2',4,4',6-Pentabromodiphenyl ether",0.000363941,0.027117672,1.16
NTBYINQTYWZXLH-UHFFFAOYSA-N,InChIKey,DTXSID8024999,"3,4-Dichloronitrobenzene",8.08155E-06,1.221205421,1.2
NTHGIYFSMNNHSC-UHFFFAOYSA-N,InChIKey,DTXSID70110029,Isoamyl nitrate,0.00257857,0.003827405,0.005
NTIZESTWPVYFNL-UHFFFAOYSA-N,InChIKey,DTXSID5021889,4-Methyl-2-pentanone,5.68153E-05,0.173707305,0.048428571
NUJGJRNETVAIRJ-UHFFFAOYSA-N,InChIKey,DTXSID3021643,Octanal,0.000510941,0.019315797,0.034
NUKZAGXMHTUAFE-UHFFFAOYSA-N,InChIKey,DTXSID0047616,Methyl hexanoate,0.000367853,0.026829284,0.023
NUMQCACRALPSHD-UHFFFAOYSA-N,InChIKey,DTXSID0025604,Ethyl t-butyl ether,0.00164783,0.00598923,0.00525
NURQLCJSMXZBPC-UHFFFAOYSA-N,InChIKey,DTXSID1052244,"3,4-Dimethylpyridine",4.04589E-06,2.439323033,2.7
NVLPQIPTCCLBEU-UHFFFAOYSA-N,InChIKey,DTXSID9064976,"1-Propene, 3-(methylthio)-",0.00294179,0.003354839,0.0042
NWOYYECMNBWCNK-UHFFFAOYSA-N,InChIKey,DTXSID80634029,1-Bromo-3-chloro-2-methoxybenzene,0.000541743,0.018217555,0.014
NXXYKOUNUYWIHA-UHFFFAOYSA-N,InChIKey,DTXSID9024063,"2,6-Dimethylphenol",5.5624E-06,1.774275972,1.8
NZZFYRREKKOMAT-UHFFFAOYSA-N,InChIKey,DTXSID4058784,Methylene iodide,0.000325002,0.030366683,0.023
OAEQTHQGPZKTQP-UHFFFAOYSA-N,InChIKey,DTXSID5074185,"2,3',4,4',6-Pentachlorobiphenyl",7.40764E-05,0.133230458,0.015
OAWAZQITIZDJRB-UHFFFAOYSA-N,InChIKey,DTXSID8058792,Chlorodifluoroacetic acid,4.11E-08,240.3922734,240
OAYSFAKCFYRCRU-UHFFFAOYSA-N,InChIKey,DTXSID70514109,"5-Bromo-1,3-dichloro-2-methoxybenzene",0.00047268,0.020879311,0.012
OAYXUHPQHDHDDZ-UHFFFAOYSA-N,InChIKey,DTXSID8021519,2-(2-Butoxyethoxy)ethanol,7.19E-09,1372.474758,1400
OBNCKNCVKJNDBV-UHFFFAOYSA-N,InChIKey,DTXSID6040111,Ethyl butyrate,0.000303793,0.032486702,0.0265
OCJBOOLMMGQPQU-UHFFFAOYSA-N,InChIKey,DTXSID1020431,"1,4-Dichlorobenzene",0.00241043,0.004094387,0.004409091
OCKPCBLVNKHBMX-UHFFFAOYSA-N,InChIKey,DTXSID6022472,Butylbenzene,0.00805495,0.001225238,0.000941667
ODLMAHJVESYWTB-UHFFFAOYSA-N,InChIKey,DTXSID3042219,Propylbenzene,0.0104595,0.000943566,0.001061111
OEBRKCOSUFCWJD-UHFFFAOYSA-N,InChIKey,DTXSID5020449,Dichlorvos,4.06E-09,2429.714411,19.5405
OFBQJSOFQDEBGM-UHFFFAOYSA-N,InChIKey,DTXSID2025846,Pentane,1.24351,7.93659E-06,0.000009
OGLDWXZKYODSOB-UHFFFAOYSA-N,InChIKey,DTXSID4047593,alpha-Phellandrene,0.0467643,0.000211042,0.00018
OHLUUHNLEMFGTQ-UHFFFAOYSA-N,InChIKey,DTXSID0047167,N-Methylacetamide,7.33E-08,134.6495452,3200
OHMHBGPWCHTMQE-UHFFFAOYSA-N,InChIKey,DTXSID7020712,"2,2-Dichloro-1,1,1-trifluoroethane",0.0256271,0.000385109,0.00028
OISVCGZHLKNMSJ-UHFFFAOYSA-N,InChIKey,DTXSID7051557,"2,6-Dimethylpyridine",9.82123E-06,1.004887643,0.805
OJGMBLNIHDZDGS-UHFFFAOYSA-N,InChIKey,DTXSID1025271,N-Ethylaniline,9.73842E-06,1.013432638,1
OKBJVIVEFXPEOU-UHFFFAOYSA-N,InChIKey,DTXSID9074141,"2,2',3,3',4,6'-Hexachlorobiphenyl",4.38174E-05,0.22523547,0.13
OKDGRDCXVWSXDC-UHFFFAOYSA-N,InChIKey,DTXSID8024810,2-Chloropyridine,3.95027E-05,0.249836914,0.74
OKKJLVBELUTLKV-UHFFFAOYSA-N,InChIKey,DTXSID2021731,Methanol,4.55795E-06,2.165278835,1.885846154
OMDFJTSKBNDDRM-UHFFFAOYSA-N,InChIKey,DTXSID10873560,1-(Nitrooxy)-2-propanol,9.29E-08,106.2895875,82.66666667
ONNCPBRWFSKDMQ-UHFFFAOYSA-N,InChIKey,DTXSID4074778,PCB 026,0.000200127,0.049314848,0.031
ONUFSRWQCKNVSL-UHFFFAOYSA-N,InChIKey,DTXSID7075341,Decafluorobiphenyl,0.00403482,0.002446016,0.0067
OPKYDBFRKPQCBS-UHFFFAOYSA-N,InChIKey,DTXSID6073497,"2,2',3,4,5'-Pentachlorobiphenyl",7.40342E-05,0.1333064,0.0525
ORTVZLZNOYNASJ-UHFFFAOYSA-N,InChIKey,DTXSID9026849,"2-Butene-1,4-diol",5.50E-08,179.3421188,340
OSDWBNJEKMUWAV-UHFFFAOYSA-N,InChIKey,DTXSID4039231,Allyl chloride,0.0160146,0.000616265,0.0013
OTFNCXLUCRUNCH-UHFFFAOYSA-N,InChIKey,DTXSID60198432,"2,3,6-Trichloroanisole",0.000288947,0.034155858,0.0104
OTMSDBZUPAUEDD-UHFFFAOYSA-N,InChIKey,DTXSID6026377,Ethane,0.356667,2.76707E-05,0.00001775
OTQFXRBLGNEOGH-UHFFFAOYSA-N,InChIKey,DTXSID90872011,"1,3,6,8-tetrachlorodibenzo-p-dioxin",1.08258E-05,0.911640033,0.14
OVSKIKFHRZPJSS-UHFFFAOYSA-N,InChIKey,DTXSID0020442,"2,4-Dichlorophenoxyacetic acid",2.96E-09,3334.49312,0.67
OWIKHYCFFJSOEH-UHFFFAOYSA-N,InChIKey,DTXSID9073884,Isocyanic acid,1.99E-07,49.61008901,0.21
OWZPCEFYPSAJFR-UHFFFAOYSA-N,InChIKey,DTXSID3020207,Dinoseb,6.29E-08,156.8177764,2.2
PAAZPARNPHGIKF-LNLMKGTHSA-N,InChIKey,DTXSID40177104,"1,2-Dibromo-(1,1,2,2-2H4)ethane",0.000650543,0.015170761,0.016
PAAZPARNPHGIKF-UHFFFAOYSA-N,InChIKey,DTXSID3020415,"1,2-Dibromoethane",0.000650543,0.015170761,0.0165
PAFZNILMFXTMIY-UHFFFAOYSA-N,InChIKey,DTXSID1023996,Cyclohexylamine,4.20347E-06,2.347877508,2.4
PAYFWJAKKLILIT-UHFFFAOYSA-N,InChIKey,DTXSID6074203,"2,2',3,3',4,5,6-Heptachlorobiphenyl",1.39842E-05,0.70574167,0.7
PAYRUJLWNCNPSJ-UHFFFAOYSA-N,InChIKey,DTXSID8020090,Aniline,2.01854E-06,4.889292591,3.125
PBKONEOXTCPAFI-CBYSEHNBSA-N,InChIKey,DTXSID90583993,"1,2,4-Trichloro(~2~H_3_)benzene",0.00142074,0.006946544,0.0098
PBKONEOXTCPAFI-UHFFFAOYSA-N,InChIKey,DTXSID0021965,"1,2,4-Trichlorobenzene",0.00142074,0.006946544,0.006455556
PBWZKZYHONABLN-UHFFFAOYSA-N,InChIKey,DTXSID2059932,Difluoroacetic acid,3.31E-08,298.5194663,300
PEDCQBHIVMGVHV-UHFFFAOYSA-N,InChIKey,DTXSID9020663,Glycerol,1.73E-08,570.7893159,580
PETRWTHZSKVLRE-UHFFFAOYSA-N,InChIKey,DTXSID6047105,2-Methoxy-4-methylphenol,1.31281E-06,7.517639771,7.4
PGMYKACGEOXYJE-UHFFFAOYSA-N,InChIKey,DTXSID1027263,Pentyl acetate,0.000388093,0.025430071,0.031
PIICEJLVQHRZGT-UHFFFAOYSA-N,InChIKey,DTXSID5021881,Ethylenediamine,1.74E-09,5665.590867,5800
PIIZYNQECPTVEO-UHFFFAOYSA-N,InChIKey,DTXSID2062535,4-Nitro-3-methylphenol,1.59E-08,621.6173806,620
PIVBPZFQXKMHBD-UHFFFAOYSA-N,InChIKey,DTXSID0074213,"2,3',4',5,5'-Pentachlorobiphenyl",7.88919E-05,0.125098174,0.19
PIWKPBJCKXDKJR-UHFFFAOYSA-N,InChIKey,DTXSID3020752,Isoflurane,0.0287462,0.000343323,0.00036
PJGJQVRXEUVAFT-UHFFFAOYSA-N,InChIKey,DTXSID50208034,Chloroiodomethane,0.000873467,0.011298919,0.0088
PJHBSPRZHUOIAS-UHFFFAOYSA-N,InChIKey,DTXSID1074204,"2,2',3,3',4,5,5',6-Octachlorobiphenyl",1.39041E-05,0.709807371,0.7
PKTSCJXWLVREKX-UHFFFAOYSA-N,InChIKey,DTXSID20220960,Nitrosomethyl-N-butylamine,0.000166492,0.059277519,1.7
PLAZTCDQAHEYBI-UHFFFAOYSA-N,InChIKey,DTXSID4025791,2-Nitrotoluene,1.23843E-05,0.796914857,0.79
PLDWAJLZAAHOGG-UHFFFAOYSA-N,InChIKey,DTXSID4044618,1-Bromo-3-methoxybenzene,8.29573E-06,1.189676215,0.0072
PNPCRKVUWYDDST-UHFFFAOYSA-N,InChIKey,DTXSID0024761,3-Chloroaniline,9.96E-07,9.91143556,9.8
PNQBEPDZQUOCNY-UHFFFAOYSA-N,InChIKey,DTXSID1029176,Trifluoroacetyl chloride,0.000451506,0.021858475,0.014233333
POAOYUHQDCAZBD-UHFFFAOYSA-N,InChIKey,DTXSID1024097,2-Butoxyethanol,1.59344E-06,6.193664441,6.4
POLCUAVZOMRGSN-UHFFFAOYSA-N,InChIKey,DTXSID8042343,Propyl ether,0.00219238,0.004501607,0.0027
PPBRXRYQALVLMV-UHFFFAOYSA-N,InChIKey,DTXSID2021284,Styrene,0.00274507,0.003595257,0.003166667
PSINWXIDJYEXLO-UHFFFAOYSA-N,InChIKey,DTXSID6066317,"Pyrazine, 2,3-diethyl-5-methyl-",1.88903E-05,0.522449758,0.81
PSQYTAPXSHCGMF-BQYQJAHWSA-N,InChIKey,DTXSID4021769,beta-Ionone,0.000321951,0.030654456,1.2
PSQZJKGXDGNDFP-UHFFFAOYSA-N,InChIKey,DTXSID4059966,2:1 Fluorotelomer alcohol,2.22924E-05,0.442717369,0.295
PSXCGTLGGVDWFU-UHFFFAOYSA-N,InChIKey,DTXSID7027627,Propylene dinitrate,2.08517E-05,0.473305902,1.01
PVFOMCVHYWHZJE-UHFFFAOYSA-N,InChIKey,DTXSID9034070,Trichloroacetyl chloride,0.000509013,0.01938896,0.02
PVWOIHVRPOBWPI-UHFFFAOYSA-N,InChIKey,DTXSID501015653,1-Iodopropane,0.0145249,0.00067947,0.00105
PVYBHVJTMRRXLG-UHFFFAOYSA-N,InChIKey,DTXSID0074211,"2,3,3',4',5-Pentachlorobiphenyl",0.000078808,0.125231356,0.1065
PWATWSYOIIXYMA-UHFFFAOYSA-N,InChIKey,DTXSID6022054,Pentylbenzene,0.00792426,0.001245445,0.00061
PWRBCZZQRRPXAB-UHFFFAOYSA-N,InChIKey,DTXSID3052309,3-Chloropyridine,3.93176E-05,0.2510131,0.35
PXAGFNRKXSYIHU-UHFFFAOYSA-N,InChIKey,DTXSID0065983,"2,2',6,6'-Tetrachlorobiphenyl",0.00019852,0.049714047,0.028333333
PXBRQCKWGAHEHS-UHFFFAOYSA-N,InChIKey,DTXSID6020436,Dichlorodifluoromethane,0.343382,2.87413E-05,0.00004075
PYLWMHQQBFSUBP-UHFFFAOYSA-N,InChIKey,DTXSID4025329,Fluorobenzene,0.0062246,0.001585521,0.0014
PYZHTHZEHQHHEN-UHFFFAOYSA-N,InChIKey,DTXSID1074175,"2,2',3,4,5,5',6-Heptachlorobiphenyl",1.57574E-05,0.626323674,0.62
PZHIWRCQKBBTOW-UHFFFAOYSA-N,InChIKey,DTXSID7052311,1-Ethoxybutane,0.00182447,0.00540937,0.0064
QARVLSVVCXYDNA-RALIUCGRSA-N,InChIKey,DTXSID50961874,1-Bromo(~2~H_5_)benzene,0.00246864,0.003997842,0.0065
QARVLSVVCXYDNA-UHFFFAOYSA-N,InChIKey,DTXSID5024637,Bromobenzene,0.00246864,0.003997842,0.004844444
QBYJBZPUGVGKQQ-SJJAEHHWSA-N,InChIKey,DTXSID8020040,Aldrin,4.41113E-05,0.223734795,0.087333333
QCFYJCYNJLBDRT-UHFFFAOYSA-N,InChIKey,DTXSID4020167,bis(2-Chloro-1-methylethyl) ether,6.35151E-05,0.155384037,0.42
QCKHVNQHBOGZER-UHFFFAOYSA-N,InChIKey,DTXSID7060910,"1,2,4,5-Tetrabromobenzene",9.07135E-06,1.087956331,0.0027
QEWYKACRFQMRMB-UHFFFAOYSA-N,InChIKey,DTXSID0041981,Fluoroacetic acid,1.24E-08,793.0980374,800
QGJOPFRUJISHPQ-UHFFFAOYSA-N,InChIKey,DTXSID6023947,Carbon disulfide,0.0143349,0.000688476,0.0005675
QGRPVMLBTFGQDQ-UHFFFAOYSA-N,InChIKey,DTXSID1061104,o-Chloroanisole,8.29117E-06,1.190330516,0.1
QHPQWRBYOIRBIT-UHFFFAOYSA-N,InChIKey,DTXSID1020221,"4-(1,1-Dimethylethyl)phenol",1.18272E-06,8.344521668,8.9
QHTQREMOGMZHJV-UHFFFAOYSA-N,InChIKey,DTXSID6024337,Thiobencarb,1.95E-08,505.8265637,11.95
QILUYCYPNYWMIL-UHFFFAOYSA-N,InChIKey,DTXSID60867919,"2,3',4',5'-Tetrachlorobiphenyl",0.000082473,0.119666226,0.077
QIMMUPPBPVKWKM-UHFFFAOYSA-N,InChIKey,DTXSID4020878,2-Methylnaphthalene,0.000518286,0.019042059,0.020508333
QIONYIKHPASLHO-UHFFFAOYSA-N,InChIKey,DTXSID6021668,Tribromoacetic acid,3.34E-09,2950.990219,2900
QIORDSKCCHRSSD-UHFFFAOYSA-N,InChIKey,DTXSID90197716,3-Methyl-2-nitrophenol,3.44182E-06,2.867445906,3.2
QJPJQTDYNZXKQF-UHFFFAOYSA-N,InChIKey,DTXSID2059308,"Benzene, 1-bromo-4-methoxy-",8.30741E-06,1.188003562,0.011
QKMNFFSBZRGHDJ-UHFFFAOYSA-N,InChIKey,DTXSID8027452,"1,4-Dichloro-2-methoxybenzene",2.02263E-05,0.487940586,0.021
QMMFVYPAHWMCMS-UHFFFAOYSA-N,InChIKey,DTXSID9026398,Dimethyl sulfide,0.00161266,0.006119847,0.005646667
QORAVNMWUNPXAO-UHFFFAOYSA-N,InChIKey,DTXSID0022513,"2,2',4,4'-Tetrachlorobiphenyl",0.000189195,0.052164342,0.112775
QPFMBZIOSGYJDE-UHFFFAOYSA-N,InChIKey,DTXSID7021318,"1,1,2,2-Tetrachloroethane",0.000368816,0.026759231,0.024888889
QPRQEDXDYOZYLA-UHFFFAOYSA-N,InChIKey,DTXSID5027069,2-Methyl-1-butanol,1.41015E-05,0.699871125,0.7
QPUYECUOLPXSFR-UHFFFAOYSA-N,InChIKey,DTXSID9020877,1-Methylnaphthalene,0.000515308,0.019152105,0.029571429
QPUYECUOLPXSFR-UZHHFJDZSA-N,InChIKey,DTXSID00480545,1-Methylnaphthalene-d10,0.000536258,0.018403889,0.046
QQHZPQUHCAKSOL-UHFFFAOYSA-N,InChIKey,DTXSID70239143,Butyl nitrate,0.00154441,0.006390293,0.008766667
QQONPFPTGQHPMA-UHFFFAOYSA-N,InChIKey,DTXSID5021205,1-Propene,0.196349,5.02637E-05,0.0000545
QQURWFRNETXFTN-UHFFFAOYSA-N,InChIKey,DTXSID40196239,5-Fluoro-2-nitrophenol,1.96466E-05,0.502337945,0.5
QQZOPKMRPOGIEB-UHFFFAOYSA-N,InChIKey,DTXSID0022068,2-Hexanone,5.27967E-05,0.186928968,0.0936
QQZOPKMRPOGIEB-ZTIZGVCASA-N,InChIKey,DTXSID70964064,"(1,1,1,3,3-~2~H_5_)Hexan-2-one",5.27967E-05,0.186928968,0.17
QSJXEFYPDANLFS-UHFFFAOYSA-N,InChIKey,DTXSID6021583,"2,3-Butanedione",0.000013206,0.747329446,0.631666667
QUGUFLJIAFISSW-UHFFFAOYSA-N,InChIKey,DTXSID1075432,"1,4-Difluorobenzene",0.017402,0.000567132,0.0016
QUSNBJAOOMFDIB-UHFFFAOYSA-N,InChIKey,DTXSID8025678,Ethanamine,1.23202E-05,0.801061076,0.895
QVLAWKAXOMEXPM-UHFFFAOYSA-N,InChIKey,DTXSID2021317,"1,1,1,2-Tetrachloroethane",0.00248666,0.003968871,0.00392
QVWUJLANSDKRAH-UHFFFAOYSA-N,InChIKey,DTXSID0073536,"2,2',3,3',6-Pentachlorobiphenyl",6.82269E-05,0.144653101,0.057
QWBBPBRQALCEIZ-UHFFFAOYSA-N,InChIKey,DTXSID6025143,"2,3-Dimethylphenol",8.23E-07,11.99549395,9.65
QWVGKYWNOKOFNN-UHFFFAOYSA-N,InChIKey,DTXSID8021808,o-Cresol,1.18058E-06,8.359647518,7.066666667
QXSZNDIIPUOQMB-UHFFFAOYSA-N,InChIKey,DTXSID1026083,"1,1,2,2-Tetrabromoethane",2.48743E-05,0.396764237,0.01
QXZHEJWDLVUFFB-UHFFFAOYSA-N,InChIKey,DTXSID4074190,"2,2',4,4',5,6'-Hexachlorobiphenyl",3.71117E-05,0.265933187,0.013
QYSGYZVSCZSLHT-UHFFFAOYSA-N,InChIKey,DTXSID9052503,Perflutren,0.0679744,0.00014519,0.00000012
QZYHIOPPLUPUJF-UHFFFAOYSA-N,InChIKey,DTXSID5021831,3-Nitrotoluene,9.27233E-06,1.064374614,0.69
QZYNWJQFTJXIRN-UHFFFAOYSA-N,InChIKey,DTXSID1026089,"1,2,3,5-Tetrachlorobenzene",0.00157189,0.006278577,0.007533333
RDHPKYGYEGBMSE-UHFFFAOYSA-N,InChIKey,DTXSID6020199,Bromoethane,0.00893498,0.001104561,0.0013
RDOXTESZEPMUJZ-UHFFFAOYSA-N,InChIKey,DTXSID4041608,Anisole,1.00549E-05,0.981534642,0.029
REHONNLQRWTIFF-UHFFFAOYSA-N,InChIKey,DTXSID3032179,"3,3',4,4',5-Pentachlorobiphenyl",5.94618E-05,0.165976016,0.074
RELMFMZEBKVZJC-UHFFFAOYSA-N,InChIKey,DTXSID8026193,"1,2,3-Trichlorobenzene",0.00125182,0.007883907,0.009855556
RFCAUADVODFSLZ-UHFFFAOYSA-N,InChIKey,DTXSID3026435,Chloropentafluoroethane,0.62579,1.57708E-05,0.0000031
RFFFKMOABOFIDF-UHFFFAOYSA-N,InChIKey,DTXSID3026275,Valeronitrile,3.06957E-05,0.32151841,0.14
RFFLAFLAYFXFSW-RHQRLBAQSA-N,InChIKey,DTXSID00944591,"1,2-Dichloro(~2~H_4_)benzene",0.00192318,0.005131726,0.0082
RFFLAFLAYFXFSW-UHFFFAOYSA-N,InChIKey,DTXSID6020430,"1,2-Dichlorobenzene",0.00192318,0.005131726,0.005686667
RFKMCNOHBTXSMU-UHFFFAOYSA-N,InChIKey,DTXSID7025556,Methoxyflurane,0.0036994,0.002667793,0.0021
RGSFGYAAUTVSQA-UHFFFAOYSA-N,InChIKey,DTXSID6024886,Cyclopentane,0.1524,6.47587E-05,0.000065
RGXWDWUGBIJHDO-UHFFFAOYSA-N,InChIKey,DTXSID0044363,Ethyl decanoate,0.00015932,0.061945975,0.014
RHQDFWAXVIIEBN-UHFFFAOYSA-N,InChIKey,DTXSID0021751,"2,2,2-Trifluoroethanol",1.72655E-05,0.571615804,0.525
RIBGNAJQTOXRDK-UHFFFAOYSA-N,InChIKey,DTXSID50858937,"3,3',5-Trichlorobiphenyl",0.00017053,0.057873879,0.058
RIMXLXBUOQMDHV-UHFFFAOYSA-N,InChIKey,DTXSID8040303,"2',3,4-Trichlorobiphenyl",0.000159485,0.061881886,0.035
RJKGJBPXVHTNJL-UHFFFAOYSA-N,InChIKey,DTXSID7020978,1-Nitronaphthalene,1.7566E-06,5.618372235,5.6
RJTJVVYSTUQWNI-UHFFFAOYSA-N,InChIKey,DTXSID9061330,2-Ethylnaphthalene,0.000539755,0.018284653,0.018
RJUFJBKOKNCXHH-UHFFFAOYSA-N,InChIKey,DTXSID7027201,Methyl propanoate,0.000173652,0.056833395,0.057
RKLLTEAEZIJBAU-UHFFFAOYSA-N,InChIKey,DTXSID3073472,"2,3',4,4'-Tetrachlorobiphenyl",0.000115333,0.085571629,0.038
RLBIQVVOMOPOHC-UHFFFAOYSA-N,InChIKey,DTXSID1020855,Methyl parathion,1.01E-07,97.95278316,173
RLSSMJSEOOYNOY-UHFFFAOYSA-N,InChIKey,DTXSID6024200,m-Cresol,8.57E-07,11.5138745,10.63333333
RMBFBMJGBANMMK-UHFFFAOYSA-N,InChIKey,DTXSID0020529,"2,4-Dinitrotoluene",5.44E-08,181.5552171,180
RMPWIIKNWPVWNG-UHFFFAOYSA-N,InChIKey,DTXSID2073481,"2,2',3,3',4,4',5-Heptachlorobiphenyl",9.04138E-06,1.091562645,0.602666667
RNVCVTLRINQCPJ-UHFFFAOYSA-N,InChIKey,DTXSID1026164,2-Methylaniline,1.97489E-06,4.997358165,5
ROSDSFDQCJNGOL-UHFFFAOYSA-N,InChIKey,DTXSID5024057,Dimethylamine,1.76542E-05,0.559030297,0.56
ROWKJAVDOGWPAT-UHFFFAOYSA-N,InChIKey,DTXSID0024399,Acetoin,2.59E-07,38.17338589,0.57
RPUMZMSNLZHIGZ-UHFFFAOYSA-N,InChIKey,DTXSID8038300,"2,2',3,4,4',5'-Hexachlorobiphenyl",2.11436E-05,0.466771631,0.207333333
RRHGJUQNOFWUDK-UHFFFAOYSA-N,InChIKey,DTXSID2020761,Isoprene,0.0536737,0.000183875,0.000315
RTZKZFJDLAIYFH-MWUKXHIBSA-N,InChIKey,DTXSID80181301,"2,2'-Oxybis((2H5)ethane)",0.00122404,0.008062835,0.013
RTZKZFJDLAIYFH-UHFFFAOYSA-N,InChIKey,DTXSID3021720,Diethyl ether,0.00122404,0.008062835,0.023016667
RTZZCYNQPHTPPL-UHFFFAOYSA-N,InChIKey,DTXSID2025765,3-Nitrophenol,2.04E-09,4827.942934,160
RUFPHBVGCFYCNW-UHFFFAOYSA-N,InChIKey,DTXSID7020920,1-Naphthylamine,1.11E-07,88.76326756,160
RUPAXCPQAAOIPB-UHFFFAOYSA-N,InChIKey,DTXSID4024690,tert-Butyl formate,0.000685729,0.014392322,0.014
RUYUCCQRWINUHE-UHFFFAOYSA-N,InChIKey,DTXSID2021074,Octachlorostyrene,5.91937E-05,0.166727754,0.076
RVDDYBGRQLZMSB-UHFFFAOYSA-N,InChIKey,DTXSID30982769,"Butane-2,3-diyl dinitrate",2.04414E-05,0.482806103,0.12
RVWLHPJFOKUPNM-UHFFFAOYSA-N,InChIKey,DTXSID1074173,"2,2',3,3',5,6-Hexachlorobiphenyl",4.85995E-05,0.20307272,0.104
RWGFKTVRMDUZSP-UHFFFAOYSA-N,InChIKey,DTXSID1021827,Cumene,0.0113666,0.000868266,0.001015
RWNKSTSCBHKHTB-UHFFFAOYSA-N,InChIKey,DTXSID7020683,"Hexachloro-1,3-butadiene",0.0102915,0.000958969,0.001213333
RWRBSYOTDDOXKC-UHFFFAOYSA-N,InChIKey,DTXSID50873564,1-Methylbutyl nitrate,0.00197092,0.005007424,0.00365
RWRIWBAIICGTTQ-UHFFFAOYSA-N,InChIKey,DTXSID6029597,"Methane, difluoro-",0.0410303,0.000240535,0.00069
RXGUIWHIADMCFC-UHFFFAOYSA-N,InChIKey,DTXSID6026612,Isobutyl isobutyrate,0.000433128,0.022785949,0.01
RXPQRKFMDQNODS-UHFFFAOYSA-N,InChIKey,DTXSID4052712,Tripropyl phosphate,6.79E-07,14.52769923,15
RXRLRYZUMSYVLS-UHFFFAOYSA-N,InChIKey,DTXSID9074191,"2,2',3,4,4',5,6'-Heptachlorobiphenyl",9.94095E-06,0.992785666,0.017
RYHBNJHYFVUHQT-SVYQBANQSA-N,InChIKey,DTXSID10938800,"(~2~H_8_)-1,4-Dioxane",4.89581E-06,2.015852876,2.8
RYHBNJHYFVUHQT-UHFFFAOYSA-N,InChIKey,DTXSID4020533,"1,4-Dioxane",4.89581E-06,2.015852876,1.88
RZKKOBGFCAHLCZ-UHFFFAOYSA-N,InChIKey,DTXSID7052602,"1,4-Dichloro-2-nitrobenzene",1.19688E-05,0.824579964,0.82
RZXIRSKYBISPGF-UHFFFAOYSA-N,InChIKey,DTXSID4030047,"2,2',4,4',5,5'-Hexabromodiphenyl ether",0.00447767,0.0022041,3.5
RZXMPPFPUUCRFN-UHFFFAOYSA-N,InChIKey,DTXSID6021872,4-Methylaniline,2.00281E-06,4.927692925,8.7
RZXZIZDRFQFCTA-UHFFFAOYSA-N,InChIKey,DTXSID10861765,"2-Bromo-1,1,1,2-tetrafluoroethane",0.057316,0.00017219,0.00012
SBPBAQFWLVIOKP-UHFFFAOYSA-N,InChIKey,DTXSID4020458,Chlorpyrifos,2.91816E-06,3.382005328,1.906666667
SCKXCAADGDQQCS-UHFFFAOYSA-N,InChIKey,DTXSID40902397,Performic Acid,1.55E-07,63.77574438,29
SCYULBFZEHDVBN-UHFFFAOYSA-N,InChIKey,DTXSID1020437,"1,1-Dichloroethane",0.0056599,0.001743711,0.00174375
SDDBCEWUYXVGCQ-UHFFFAOYSA-N,InChIKey,DTXSID0060351,"1,5-Dimethylnaphthalene",0.00035601,0.027721785,0.028
SECXISVLQFMRJM-UHFFFAOYSA-N,InChIKey,DTXSID6020856,N-Methyl-2-pyrrolidone,3.23E-09,3051.465456,2600
SEWHDNLIHDBVDZ-UHFFFAOYSA-N,InChIKey,DTXSID5073535,"2,2',3,4-Tetrachlorobiphenyl",0.000138958,0.071023134,0.049
SFNAUTSNWPPDSY-UHFFFAOYSA-N,InChIKey,DTXSID10879926,BDE-114,0.00903745,0.001092037,0.756666667
SFTUSTXGTCCSHX-UHFFFAOYSA-N,InChIKey,DTXSID3073509,"2,2',5,6'-Tetrachlorobiphenyl",0.000164287,0.06007312,0.027666667
SFVWPXMPRCIVOK-UHFFFAOYSA-N,InChIKey,DTXSID1027429,Cyclododecanol,2.96573E-06,3.327758315,3.4
SHZIWNPUGXLXDT-UHFFFAOYSA-N,InChIKey,DTXSID3021980,Ethyl hexanoate,0.000479113,0.020598967,0.014
SIEILFNCEFEENQ-UHFFFAOYSA-N,InChIKey,DTXSID1023815,Dibromoacetic acid,4.42E-09,2230.743405,2200
SMNOERSLNYGGOU-UHFFFAOYSA-N,InChIKey,DTXSID0048844,Mefruside,2.81E-10,35126.19959,0.015
SNGREZUHAYWORS-UHFFFAOYSA-N,InChIKey,DTXSID8031865,Perfluorooctanoic acid,1.92E-10,51484.84374,0.2245
SNHMUERNLJLMHN-UHFFFAOYSA-N,InChIKey,DTXSID8060452,"Benzene, iodo-",0.000635278,0.015535297,0.0076
SNKTZBNDUVWOAZ-UHFFFAOYSA-N,InChIKey,DTXSID9021475,N-Nitrosoazetidine,1.60938E-05,0.613231969,190
SNMVRZFUUCLYTO-UHFFFAOYSA-N,InChIKey,DTXSID3051462,1-Chloropropane,0.0152457,0.000647345,0.00063
SQCZQTSHSZLZIQ-UHFFFAOYSA-N,InChIKey,DTXSID40870603,1-Chloropentane,0.0237948,0.000414764,0.000366667
SSNXYMVLSOMJLU-UHFFFAOYSA-N,InChIKey,DTXSID80187404,"3,5-Dichloroanisole",8.31221E-06,1.187317533,0.0023
SSTJUBQGYXNFFP-UHFFFAOYSA-N,InChIKey,DTXSID30867845,"2,3,3',4',5,5',6-Heptachlorobiphenyl",5.80484E-06,1.700173074,0.032
STNJBCKSHOAVAJ-UHFFFAOYSA-N,InChIKey,DTXSID0052540,Methacrylaldehyde,0.000213437,0.046239559,0.051333333
STSCVKRWJPWALQ-UHFFFAOYSA-N,InChIKey,DTXSID8041959,Ethyl trifluoroacetate,0.000127539,0.077382077,0.00089
SUBRHHYLRGOTHL-UHFFFAOYSA-N,InChIKey,DTXSID0074188,"2,2',3,3',5-Pentachlorobiphenyl",7.68479E-05,0.128425535,0.0415
SUVIGLJNEAMWEG-UHFFFAOYSA-N,InChIKey,DTXSID5026750,1-Propanethiol,0.00408563,0.002415596,0.00205
SVONRAPFKPVNKG-UHFFFAOYSA-N,InChIKey,DTXSID9021928,Ethylene glycol monoethyl ether acetate,3.22954E-06,3.055925199,1.5
SVYKKECYCPFKGB-UHFFFAOYSA-N,InChIKey,DTXSID9026633,"N,N-Dimethylcyclohexylamine",2.36747E-05,0.416868331,0.42
SWJPEBQEEAHIGZ-UHFFFAOYSA-N,InChIKey,DTXSID4024012,"1,4-Dibromobenzene",0.00149407,0.006605603,0.0094
SXHLTVKPNQVZGL-UHFFFAOYSA-N,InChIKey,DTXSID8073502,"2,3,3'-Trichlorobiphenyl",0.000160178,0.061614158,0.012
SXKBHOQOOGRFJF-UHFFFAOYSA-N,InChIKey,DTXSID5064120,"Benzene, 1,2,4-trichloro-5-methoxy-",0.000458228,0.021537821,0.011
SXQBHARYMNFBPS-UHFFFAOYSA-N,InChIKey,DTXSID8024153,"Indeno(1,2,3-cd)pyrene",3.49E-07,28.27268986,28
SXRSQZLOMIGNAQ-UHFFFAOYSA-N,InChIKey,DTXSID6025355,Glutaraldehyde,1.64E-07,60.01649619,300
SXZSFWHOSHAKMN-UHFFFAOYSA-N,InChIKey,DTXSID9074226,"2,3,4,4',5-Pentachlorobiphenyl",4.94603E-05,0.199538472,0.0965
SYDNSSSQVSOXTN-UHFFFAOYSA-N,InChIKey,DTXSID0026961,4-Methyl-2-nitrophenol,1.46085E-05,0.675581522,0.67
SZIFAVKTNFCBPC-LNLMKGTHSA-N,InChIKey,DTXSID70583835,2-Chloro(~2~H_4_)ethan-1-ol,5.91797E-06,1.667671966,5
TUAMRELNJMMDMT-UHFFFAOYSA-N,InChIKey,DTXSID1025148,"3,5-Dimethylphenol",6.19E-07,15.9385288,16
TULCXSBAPHCWCF-UHFFFAOYSA-N,InChIKey,DTXSID8073473,"2,4,4',5-Tetrachlorobiphenyl",0.000103565,0.095295058,0.057333333
TVDSBUOJIPERQY-UHFFFAOYSA-N,InChIKey,DTXSID5021883,Propargyl alcohol,5.61983E-06,1.756144344,3.8
TVMXDCGIABBOFY-UHFFFAOYSA-N,InChIKey,DTXSID0026882,Octane,0.365573,2.69966E-05,7.63333E-06
TXEYQDLBPFQVAA-UHFFFAOYSA-N,InChIKey,DTXSID2041757,Carbon tetrafluoride,5.14396,1.91861E-06,2.08333E-06
TXINBPKSWKFMNB-UHFFFAOYSA-N,InChIKey,DTXSID90206675,Peroxypropionyl nitrate,1.76421E-05,0.559413713,0.029
TYMLOMAKGOJONV-UHFFFAOYSA-N,InChIKey,DTXSID8020961,4-Nitroaniline,1.27E-09,7801.579937,8600
TZIHFWKZFHZASV-UHFFFAOYSA-N,InChIKey,DTXSID5025609,Methyl formate,0.000221157,0.044625459,0.040333333
UAEPNZWRGJTJPN-OBYKGMMLSA-N,InChIKey,DTXSID80905983,1-(~2~H_3_)Methyl(~2~H_11_)cyclohexane,0.427594,2.30808E-05,0.00031
UAEPNZWRGJTJPN-UHFFFAOYSA-N,InChIKey,DTXSID0047749,Methylcyclohexane,0.427594,2.30808E-05,0.000188667
UAHWPYUMFXYFJY-UHFFFAOYSA-N,InChIKey,DTXSID6025692,Myrcene,0.0369239,0.000267286,0.00087
UBJVUCKUDDKUJF-UHFFFAOYSA-N,InChIKey,DTXSID6060470,"1-Propene, 3,3'-thiobis-",0.00349777,0.002821579,0.0041
UBOXGVDOUJQMTN-UHFFFAOYSA-N,InChIKey,DTXSID5021380,"1,1,2-Trichloroethane",0.000825872,0.011950075,0.0118
UCLKLGIYGBLTSM-UHFFFAOYSA-N,InChIKey,DTXSID6074174,"2,2',3,4,5,5'-Hexachlorobiphenyl",2.32627E-05,0.424251384,0.183333333
UCNVFOCBFJOQAL-UHFFFAOYSA-N,InChIKey,DTXSID9020374,"p,p'-DDE",0.000041562,0.237458079,0.109275
UDMZPLROONOSEF-UHFFFAOYSA-N,InChIKey,DTXSID5052832,"2,2',3,4',5,5',6-Heptachloro-1,1'-biphenyl",1.29353E-05,0.762968982,0.068
UFBJCMHMOXMLKC-UHFFFAOYSA-N,InChIKey,DTXSID0020523,"2,4-Dinitrophenol",8.62E-08,114.4447279,110
UFNIBRDIUNVOMX-UHFFFAOYSA-N,InChIKey,DTXSID0022511,"2,4'-Dichlorobiphenyl",0.000231166,0.042693271,0.0255
UFWIBTONFRDIAS-PGRXLJNUSA-N,InChIKey,DTXSID10894058,Naphthalene d8,0.000439338,0.022463872,0.035
UFWIBTONFRDIAS-UHFFFAOYSA-N,InChIKey,DTXSID8020913,Naphthalene,0.000439338,0.022463872,0.024647059
UGFAIRIUMAVXCW-UHFFFAOYSA-N,InChIKey,DTXSID5027273,Carbon monoxide,0.000189663,0.052035625,0.0000322
UHCLFIWDCYOTOL-UHFFFAOYSA-N,InChIKey,DTXSID2074160,"2,2',3,5,5',6-Hexachlorobiphenyl",5.82976E-05,0.169290548,0.082333333
UHOVQNZJYSORNB-MZWXYZOWSA-N,InChIKey,DTXSID7037769,Benzene-D6,0.00552001,0.001787901,0.0017
UHOVQNZJYSORNB-UHFFFAOYSA-N,InChIKey,DTXSID3039242,Benzene,0.00552001,0.001787901,0.001798387
UJIGKESMIPTWJH-UHFFFAOYSA-N,InChIKey,DTXSID6042028,"1,3-Dichloro-1,1,2,2,3-pentafluoropropane",0.160689,6.14182E-05,0.00011
UJOBWOGCFQCDNV-UHFFFAOYSA-N,InChIKey,DTXSID4020248,Carbazole,1.16E-07,85.193428,93
ULDHMXUKGWMISQ-SECBINFHSA-N,InChIKey,DTXSID7041413,R-(-)-Carvone,0.000329157,0.02998336,0.49
ULYZAYCEDJDHCC-UHFFFAOYSA-N,InChIKey,DTXSID6047739,2-Chloropropane,0.0150615,0.000655262,0.00055
UMFJAHHVKNCGLG-UHFFFAOYSA-N,InChIKey,DTXSID7021029,N-Nitrosodimethylamine,3.65096E-05,0.270318839,5.65
UNCGJRRROFURDV-UHFFFAOYSA-N,InChIKey,DTXSID3074153,"2,3,3',4'-Tetrachlorobiphenyl",0.000069289,0.142435779,0.0495
UNFUYWDGSFDHCW-UHFFFAOYSA-N,InChIKey,DTXSID3052193,Chlorocyclohexane,0.0015377,0.006418178,0.0028
UOCLXMDMGBRAIB-UHFFFAOYSA-N,InChIKey,DTXSID0021381,"1,1,1-Trichloroethane",0.0169999,0.000580547,0.000619655
UOORRWUZONOOLO-OWOJBTEDSA-N,InChIKey,DTXSID2042480,"trans-1,3-Dichloropropene",0.0023686,0.004166695,0.007966667
UOORRWUZONOOLO-UHFFFAOYSA-N,InChIKey,DTXSID1022057,"1,3-Dichloropropene",0.0023686,0.004166695,0.0046
UOORRWUZONOOLO-UPHRSURJSA-N,InChIKey,DTXSID1032305,(Z)-Dichloropropene,0.0023686,0.004166695,0.006933333
UPNBETHEXPIWQX-UHFFFAOYSA-N,InChIKey,DTXSID4052710,"2,4,4'-Tribromodiphenyl ether",0.000196853,0.050135038,0.12175
UPSXAPQYNGXVBF-UHFFFAOYSA-N,InChIKey,DTXSID7021499,2-Bromobutane,0.0168412,0.000586017,0.00077
UQEAIHBTYFGYIE-UHFFFAOYSA-N,InChIKey,DTXSID4026769,Hexamethyldisiloxane,1.61049,6.12809E-06,0.000120518
UQMGJOKDKOLIDP-UHFFFAOYSA-N,InChIKey,DTXSID5022514,"3,3',4,4'-Tetrachlorobiphenyl",9.74534E-06,1.012713016,0.061571429
UQXKXGWGFRWILX-UHFFFAOYSA-N,InChIKey,DTXSID6027264,Ethylene glycol dinitrate,1.50899E-05,0.65402903,3.54
URLKBWYHVLBVBO-UHFFFAOYSA-N,InChIKey,DTXSID2021868,p-Xylene,0.0068938,0.00143161,0.001417059
URYYVOIYTNXXBN-UPHRSURJSA-N,InChIKey,DTXSID20883615,"Cyclooctene, (1Z)-",0.0454313,0.000217234,0.00021
UUIQMZJEGPQKFD-UHFFFAOYSA-N,InChIKey,DTXSID5047083,Methyl butyrate,0.00020586,0.047941478,0.0425
UUTNFLRSJBQQJM-UHFFFAOYSA-N,InChIKey,DTXSID9073541,"2,2',3,3',5,6'-Hexachlorobiphenyl",5.64672E-05,0.174778149,0.088333333
UWKQJZCTQGMHKD-UHFFFAOYSA-N,InChIKey,DTXSID80207217,"2,6-Di-tert-butylpyridine",0.000632158,0.015611971,0.0008
UWNADWZGEHDQAB-UHFFFAOYSA-N,InChIKey,DTXSID4073201,"2,5-Dimethylhexane",0.374803,2.63318E-05,0.0000027
UWSDONTXWQOZFN-UHFFFAOYSA-N,InChIKey,DTXSID8021060,N-Nitrosopiperidine,8.70498E-06,1.133745588,11
UXFSPRAGHGMRSQ-UHFFFAOYSA-N,InChIKey,DTXSID9051907,2-Isobutyl-3-methoxypyrazine,4.87624E-05,0.202394317,0.185
UZMVSVHUTOAPTD-UHFFFAOYSA-N,InChIKey,DTXSID0021040,N-Nitrosohexamethyleneimine,6.78386E-06,1.454810781,43
UZYYBZNZSSNYSA-UHFFFAOYSA-N,InChIKey,DTXSID8047767,"2,3,6-Trichlorotoluene",0.00149925,0.00658278,0.0066
VAHKBZSAUKPEOV-UHFFFAOYSA-N,InChIKey,DTXSID9073410,"2,4',5-Trichlorobiphenyl",0.000190146,0.051903446,0.0335
VAJVDSVGBWFCLW-UHFFFAOYSA-N,InChIKey,DTXSID6041638,3-Phenyl-1-propanol,2.06E-07,47.89773581,180
VEFNQGLEDJPUJF-UHFFFAOYSA-N,InChIKey,DTXSID50171299,Pentabromoanisole,0.00261394,0.003775616,1
VFWCMGCRMGJXDK-UHFFFAOYSA-N,InChIKey,DTXSID8020206,1-Chlorobutane,0.0166649,0.000592217,0.00053
VGGSQFUCUMXWEO-UHFFFAOYSA-N,InChIKey,DTXSID1026378,Ethylene,0.227707,4.33418E-05,4.83333E-05
VGQXTTSVLMQFHM-UHFFFAOYSA-N,InChIKey,DTXSID4062301,Peroxyacetyl nitrate,0.000276588,0.035682071,0.039
VGVIKVCCUATMNG-UHFFFAOYSA-N,InChIKey,DTXSID0073405,"2,4,5-Trichlorobiphenyl",0.000199006,0.049592639,0.0375
VHGHHZZTMJLTJX-UHFFFAOYSA-N,InChIKey,DTXSID9074779,PCB 045,9.40928E-05,0.104888288,0.025
VHHHONWQHHHLTI-UHFFFAOYSA-N,InChIKey,DTXSID7020689,Hexachloroethane,0.00389353,0.002534778,0.002025
VHNPZYZQKWIWOD-UHFFFAOYSA-N,InChIKey,DTXSID3052692,"2,2',4,4',5,6'-Hexabromodiphenyl ether",0.0041952,0.002352506,7.3
VISJRVXHPNMYRH-UHFFFAOYSA-N,InChIKey,DTXSID60189926,"Benzene, 1,2-dichloro-4-methoxy-",2.65281E-05,0.372029383,0.0092
VJXRKZJMGVSXPX-UHFFFAOYSA-N,InChIKey,DTXSID60873555,4-Ethylpyridine,8.82448E-06,1.118392547,1.2
VKCYHJWLYTUGCC-UHFFFAOYSA-N,InChIKey,DTXSID2022125,2-Nonanone,0.00036523,0.027021966,0.034
VLKZOEOYAKHREP-UHFFFAOYSA-N,InChIKey,DTXSID0021917,n-Hexane,0.492255,2.0049E-05,3.60125E-05
VLLVVZDKBSYMCG-UHFFFAOYSA-N,InChIKey,DTXSID4074194,"2,2',4,6-Tetrachlorobiphenyl",0.000142027,0.069488426,0.0145
VMVNZNXAVJHNDJ-UHFFFAOYSA-N,InChIKey,DTXSID2059988,Methyl trifluoroacetate,0.000146319,0.06745011,0.0012
VNWKTOKETHGBQD-UHFFFAOYSA-N,InChIKey,DTXSID8025545,Methane,0.0627508,0.000157277,0.000013
VOPWNXZWBYDODV-UHFFFAOYSA-N,InChIKey,DTXSID6020301,Chlorodifluoromethane,0.0406205,0.000242962,0.000324
VQOFJPFYTCHPTR-UHFFFAOYSA-N,InChIKey,DTXSID9074143,"2,3',6-Trichlorobiphenyl",0.000214716,0.045964123,0.035
VQQKIXKPMJTUMP-UHFFFAOYSA-N,InChIKey,DTXSID8073554,"2,2',3,3',4,5-Hexachlorobiphenyl",2.87609E-05,0.34314756,0.34
VSMOENVRRABVKN-UHFFFAOYSA-N,InChIKey,DTXSID3035214,1-Octen-3-ol,2.90506E-05,0.339725605,0.13
VTLYHLREPCPDKX-UHFFFAOYSA-N,InChIKey,DTXSID3073503,"2,2',3,3'-Tetrachlorobiphenyl",9.98981E-05,0.098792997,0.062666667
VUNCWTMEJYMOOR-UHFFFAOYSA-N,InChIKey,DTXSID2020688,Hexachlorocyclopentadiene,0.0269326,0.000366442,0.000485
VVAAXDBMZVCVPA-UHFFFAOYSA-N,InChIKey,DTXSID70578807,"1,2,10,11-Tetrachloroundecane",0.000122503,0.080563192,0.16
VVGOCOMZRGWHPI-ARJAWSKDSA-N,InChIKey,DTXSID50884332,"4-Heptenal, (4Z)-",8.46036E-05,0.116652633,0.088
VVQNEPGJFQJSBK-UHFFFAOYSA-N,InChIKey,DTXSID2020844,Methyl methacrylate,9.83498E-05,0.100348274,0.043
VXBHNYIEBLRXAW-UHFFFAOYSA-N,InChIKey,DTXSID10578806,"1,2,9,10-Tetrachlorodecane",9.80709E-05,0.10063365,0.056
VZGDMQKNWNREIO-UHFFFAOYSA-N,InChIKey,DTXSID8020250,Carbon tetrachloride,0.0275951,0.000357644,0.000352036
WACNXHCZHTVBJM-UHFFFAOYSA-N,InChIKey,DTXSID8059893,Pentafluorobenzene,0.0638432,0.000154585,0.00075
WBEJYOJJBDISQU-UHFFFAOYSA-N,InChIKey,DTXSID3020413,"1,2-Dibromo-3-chloropropane",0.000292854,0.033700181,0.2985
WBHQEUPUMONIKF-UHFFFAOYSA-N,InChIKey,DTXSID6038299,"2,2',3,4,4',5,5'-Heptachlorobiphenyl",9.7903E-06,1.008062334,0.442333333
WBJINCZRORDGAQ-UHFFFAOYSA-N,InChIKey,DTXSID6040117,Ethyl formate,0.000381766,0.025851523,0.01795
WBNQDOYYEUMPFS-UHFFFAOYSA-N,InChIKey,DTXSID2021028,N-Nitrosodiethylamine,3.69559E-06,2.670543179,3.5
WCIBKXHMIXUQHK-UHFFFAOYSA-N,InChIKey,DTXSID2074162,"2,2',3,3',5,5',6-Heptachlorobiphenyl",0.000022767,0.433488499,0.198333333
WCJYTPVNMWIZCG-UHFFFAOYSA-N,InChIKey,DTXSID3058032,Xylylcarb,2.50E-08,394.4364024,91
WCVOGSZTONGSQY-UHFFFAOYSA-N,InChIKey,DTXSID9073886,"Benzene, 1,3,5-trichloro-2-methoxy-",0.000364915,0.027045292,0.0045
WDCYWAQPCXBPJA-UHFFFAOYSA-N,InChIKey,DTXSID9024065,"1,3-Dinitrobenzene",4.93E-08,200.2482026,200
WDECIBYCCFPHNR-UHFFFAOYSA-N,InChIKey,DTXSID0022432,Chrysene,5.28503E-06,1.867393878,4.466666667
WDLTVNWWEZJMPF-UHFFFAOYSA-N,InChIKey,DTXSID8074780,PCB 131,3.89988E-05,0.253065034,0.15
WEEGYLXZBRQIMU-UHFFFAOYSA-N,InChIKey,DTXSID4020616,"1,8-Cineol",0.00252879,0.003902749,0.078333333
WEHWNAOGRSTTBQ-UHFFFAOYSA-N,InChIKey,DTXSID2025185,Dipropylamine,5.06804E-05,0.194734703,0.19
WEJZHZJJXPXXMU-UHFFFAOYSA-N,InChIKey,DTXSID8040301,"2,4-Dichlorobiphenyl",0.000279126,0.035357626,0.030666667
WERYXYBDKMZEQL-UHFFFAOYSA-N,InChIKey,DTXSID2024666,"1,4-Butanediol",7.59E-08,130.0760308,900
WEVYAHXRMPXWCK-UHFFFAOYSA-N,InChIKey,DTXSID7020009,Acetonitrile,3.46439E-05,0.284876491,0.515714286
WFYPICNXBKQZGB-UHFFFAOYSA-N,InChIKey,DTXSID4029199,1-Buten-3-yne,0.00239031,0.004128851,0.00038
WGCNASOHLSPBMP-UHFFFAOYSA-N,InChIKey,DTXSID4074693,"Acetaldehyde, hydroxy-",2.44E-08,404.8251638,410
WGYKZJWCGVVSQN-UHFFFAOYSA-N,InChIKey,DTXSID6021878,Propylamine,1.48032E-05,0.666695895,0.646666667
WHHGLZMJPXIBIX-UHFFFAOYSA-N,InChIKey,DTXSID9020376,"2,2',3,3',4,4',5,5',6,6'-Decabromodiphenyl ether",0.00160566,0.006146527,18
WHKUVVPPKQRRBV-UHFFFAOYSA-N,InChIKey,DTXSID4024195,MCPA,7.04E-09,1401.594941,99
WHPVYXDFIXRKLN-UHFFFAOYSA-N,InChIKey,DTXSID9030048,"2,2',4,4',5-Pentabromodiphenyl ether",0.000525765,0.018771186,0.68
WIDHRBRBACOVOY-UHFFFAOYSA-N,InChIKey,DTXSID8038306,"2,3,3',4,4'-Pentachlorobiphenyl",5.70846E-05,0.172887831,0.105
WIXDSJRJFDWTNY-UHFFFAOYSA-N,InChIKey,DTXSID70164880,"3,5-Bis(tert-butyl)toluene",0.00579388,0.001703389,0.0037
WJTCGQSWYFHTAC-UHFFFAOYSA-N,InChIKey,DTXSID9075377,Cyclooctane,0.0941251,0.000104852,0.000071
WJYIASZWHGOTOU-UHFFFAOYSA-N,InChIKey,DTXSID7020681,Heptylamine,2.48378E-05,0.397347296,0.24
WMIYKQLTONQJES-UHFFFAOYSA-N,InChIKey,DTXSID2041915,Perfluoroethane,20.2543,4.87266E-07,5.83333E-07
WMMFIDNWZNCBCT-UHFFFAOYSA-N,InChIKey,DTXSID30863963,"1,2,4,5-Tetrachloro-3-methoxybenzene",0.000653327,0.015106115,0.0032
WNSYEWGYAFFSSQ-UHFFFAOYSA-N,InChIKey,DTXSID0020527,Dinitrosopiperazine,2.20333E-06,4.479234916,190
WNYADZVDBIBLJJ-UHFFFAOYSA-N,InChIKey,DTXSID8021062,N-Nitrosopyrrolidine,0.000011597,0.85101601,170
WQAQPCDUOCURKW-UHFFFAOYSA-N,InChIKey,DTXSID6026824,1-Butanethiol,0.00454176,0.002172997,0.00185
WQOXQRCZOLPYPM-UHFFFAOYSA-N,InChIKey,DTXSID4025117,Methyl disulfide,0.00120883,0.008164285,0.00718
WRMNZCZEMHIOCP-UHFFFAOYSA-N,InChIKey,DTXSID9026342,2-Phenylethanol,2.60E-07,37.96997817,37
WSFSSNUMVMOOMR-UHFFFAOYSA-N,InChIKey,DTXSID7020637,Formaldehyde,3.49E-07,28.24049111,47.16666667
WSLDOOZREJYCGB-UHFFFAOYSA-N,InChIKey,DTXSID6020438,"1,2-Dichloroethane",0.00118664,0.008316956,0.007407083
WSTUOPKRORLDCX-DTWKUNHWSA-N,InChIKey,DTXSID20951489,beta-Hydroxy-3-methoxytyrosine,2.39E-10,41216.60096,1.6
WTARULDDTDQWMU-UHFFFAOYSA-N,InChIKey,DTXSID7027049,beta-Pinene,0.0610123,0.000161758,0.00021175
WUOACPNHFRMFPN-UHFFFAOYSA-N,InChIKey,DTXSID5026625,alpha-Terpineol,2.23645E-06,4.412901101,4.4
WVDDGKGOMKODPV-UHFFFAOYSA-N,InChIKey,DTXSID5020152,Benzyl alcohol,3.46E-07,28.5341849,37
WVLBCYQITXONBZ-UHFFFAOYSA-N,InChIKey,DTXSID1021403,Trimethyl phosphate,7.26E-09,1359.964154,1400
WVQBLGZPHOPPFO-UHFFFAOYSA-N,InChIKey,DTXSID4022448,Metolachlor,9.01E-09,1095.532131,170
WXCMHFPAUCOJIG-UHFFFAOYSA-N,InChIKey,DTXSID6025690,Musk ketone,1.14E-08,863.208259,3
WXEHBUMAEPOYKP-UHFFFAOYSA-N,InChIKey,DTXSID3060794,Ethyl methyl sulfide,0.00251463,0.003924726,0.0042
WXNZTHHGJRFXKQ-UHFFFAOYSA-N,InChIKey,DTXSID1021871,4-Chlorophenol,6.26E-07,15.77595549,1400
WXYMNDFVLNUAIA-UHFFFAOYSA-N,InChIKey,DTXSID4062226,"Octane, 1,8-dichloro-",0.00152069,0.00648997,0.0075
WYURNTSHIVDZCO-SVYQBANQSA-N,InChIKey,DTXSID00937620,(2H4)Tetrahydro(2H4)furan,7.10901E-05,0.138827103,0.23
WYURNTSHIVDZCO-UHFFFAOYSA-N,InChIKey,DTXSID1021328,Tetrahydrofuran,7.10901E-05,0.138827103,0.22
XBBZAULFUPBZSP-UHFFFAOYSA-N,InChIKey,DTXSID5074181,"2,3',4-Trichlorobiphenyl",0.000192899,0.051162695,0.0285
XBDQKXXYIPTUBI-UHFFFAOYSA-N,InChIKey,DTXSID8025961,Propionic acid,4.45E-07,22.17252026,41.8
XBTHILIDLBPRPM-UHFFFAOYSA-N,InChIKey,DTXSID6074207,"2,2',4,5-Tetrachlorobiphenyl",0.000128248,0.076954281,0.033
XCLIHDJZGPCUBT-UHFFFAOYSA-N,InChIKey,DTXSID2061434,Dimethylsilanediol,2.33E-07,42.26923643,2800
XCSGPAVHZFQHGE-UHFFFAOYSA-N,InChIKey,DTXSID1022265,Alachlor,8.34E-09,1183.792733,746.6666667
XDTMQSROBMDMFD-UHFFFAOYSA-N,InChIKey,DTXSID4021923,Cyclohexane,0.1506,6.55328E-05,8.47778E-05
XEKOWRVHYACXOJ-AZXPZELESA-N,InChIKey,DTXSID80480447,Ethyl acetate-1-13C,0.0001348,0.073213892,0.071
XEKOWRVHYACXOJ-UHFFFAOYSA-N,InChIKey,DTXSID1022001,Ethyl acetate,0.0001348,0.073213892,0.056
XGXUGXPKRBQINS-UHFFFAOYSA-N,InChIKey,DTXSID2074827,"Benzene, 2,4-dibromo-1-methoxy-",0.000542854,0.018180271,0.081
XKEFYDZQGKAQCN-UHFFFAOYSA-N,InChIKey,DTXSID8026195,"1,3,5-Trichlorobenzene",0.00189086,0.005219441,0.0118
XLDBTRJKXLKYTC-UHFFFAOYSA-N,InChIKey,DTXSID3073474,"2,3,4,4'-Tetrachlorobiphenyl",7.35085E-05,0.134259748,0.0365
XMGQYMWWDOXHJM-JTQLQIEISA-N,InChIKey,DTXSID1020778,D-Limonene,0.022543,0.000437796,0.00035
XMGQYMWWDOXHJM-SNVBAGLBSA-N,InChIKey,DTXSID6047078,(S)-Limonene,0.022543,0.000437796,0.000305
XMGQYMWWDOXHJM-UHFFFAOYSA-N,InChIKey,DTXSID2029612,Limonene,0.022543,0.000437796,0.000626667
XMSXQFUHVRWGNA-UHFFFAOYSA-N,InChIKey,DTXSID1027184,Decamethylcyclopentasiloxane,32.9313,2.99692E-07,0.000027916
XMWRWTSZNLOZFN-UHFFFAOYSA-N,InChIKey,DTXSID1021405,Musk Xylene,1.52913E-06,6.454148874,0.32
XNLICIUVMPYHGG-UHFFFAOYSA-N,InChIKey,DTXSID0021888,2-Pentanone,8.29734E-05,0.118944537,0.1135
XNWFRZJHXBZDAG-UHFFFAOYSA-N,InChIKey,DTXSID5024182,2-Methoxyethanol,3.31E-07,29.77709992,6.133406667
XOMKZKJEJBZBJJ-UHFFFAOYSA-N,InChIKey,DTXSID0073409,"2,3-Dichlorobiphenyl",0.0002295,0.043003192,0.043
XPDWGBQVDMORPB-UHFFFAOYSA-N,InChIKey,DTXSID0026410,Trifluoromethane,0.0950017,0.000103885,0.00013
XQNAUQUKWRBODG-UHFFFAOYSA-N,InChIKey,DTXSID0041775,Chlornitrofen,0.000068148,0.144820577,8.1
XQQBUAPQHNYYRS-UHFFFAOYSA-N,InChIKey,DTXSID3060291,"Thiophene, 2-methyl-",0.00240998,0.004095151,0.0041
XSTXAVWGXDQKEL-UHFFFAOYSA-N,InChIKey,DTXSID0021383,Trichloroethylene,0.00979852,0.001007217,0.001007347
XUAWBXBYHDRROL-UHFFFAOYSA-N,InChIKey,DTXSID4074144,"2,3,3',4,4',5,5'-Heptachlorobiphenyl",8.27146E-06,1.193166946,0.084
XVIZMMSINIOIQP-UHFFFAOYSA-N,InChIKey,DTXSID3073501,"2,2',3-Trichlorobiphenyl",0.000199323,0.049513767,0.031666667
XWCDCDSDNJVCLO-UHFFFAOYSA-N,InChIKey,DTXSID6020305,Chlorofluoromethane,0.0079131,0.001247202,0.0015
XWKFPIODWVPXLX-UHFFFAOYSA-N,InChIKey,DTXSID0060436,"2,5-Dimethylpyridine",8.47103E-06,1.165056984,1.1
XXPBFNVKTVJZKF-UHFFFAOYSA-N,InChIKey,DTXSID20228264,"9,10-Dihydrophenanthrene",9.88197E-05,0.099871105,0.12
XYBSIYMGXVUVGY-UHFFFAOYSA-N,InChIKey,DTXSID3030056,"2,2',4,4'-Tetrabromodiphenyl ether",0.000369111,0.026737845,0.3425
XYHVYEUZLSYHDP-UHFFFAOYSA-N,InChIKey,DTXSID0073538,"2,2',3,3',5,6,6'-Heptachlorobiphenyl",2.36653E-05,0.417033913,0.41
XYWDPYKBIRQXQS-UHFFFAOYSA-N,InChIKey,DTXSID0060808,"Propane, 2,2'-thiobis-",0.00330064,0.002990097,0.003
YAHNWSSFXMVPOU-UHFFFAOYSA-N,InChIKey,DTXSID50867160,"2',3,4,4',5-Pentachlorobiphenyl",7.23404E-05,0.136427676,0.046
YAIMUUJMEBJXAA-UHFFFAOYSA-N,InChIKey,DTXSID80183668,Isobutylpyrazine,1.18535E-05,0.832600723,2
YAWIAFUBXXPJMQ-UHFFFAOYSA-N,InChIKey,DTXSID9024015,"4,4'-Dibromodiphenyl ether",0.000103466,0.09538624,0.075666667
YBUGOACXDPDUIR-UHFFFAOYSA-N,InChIKey,DTXSID80166133,"Phenol, 4-methoxy-2-nitro-",1.88799E-06,5.227375498,5.3
YCOXTKKNXUZSKD-UHFFFAOYSA-N,InChIKey,DTXSID4024062,"3,4-Dimethylphenol",4.58E-07,21.56695491,24
YFCGDEUVHLPRCZ-UHFFFAOYSA-N,InChIKey,DTXSID2044551,Decamethyltetrasiloxane,16.977,5.8133E-07,3.6E-07
YFMFNYKEUDLDTL-UHFFFAOYSA-N,InChIKey,DTXSID4042048,2H-Perfluoropropane,0.0687294,0.000143596,0.000014
YFSLABAYQDPWPF-UHFFFAOYSA-N,InChIKey,DTXSID5073539,"2,2',3,3',4,5'-Hexachlorobiphenyl",3.36377E-05,0.293397963,0.181
YGHRJJRRZDOVPD-UHFFFAOYSA-N,InChIKey,DTXSID1021619,3-Methylbutanal,0.000115464,0.085474543,0.022333333
YGJHZCLPZAZIHH-UHFFFAOYSA-N,InChIKey,DTXSID2021026,N-Nitrosodibutylamine,0.000596351,0.016549369,0.72
YGYAWVDWMABLBF-UHFFFAOYSA-N,InChIKey,DTXSID0024260,Phosgene,0.0166945,0.000591167,0.000635
YHQGMYUVUMAZJR-UHFFFAOYSA-N,InChIKey,DTXSID9041237,alpha-Terpinene,0.0238134,0.00041444,0.00037
YHRUOJUYPBUZOS-UHFFFAOYSA-N,InChIKey,DTXSID6022004,"1,3-Dichloropropane",0.00097918,0.010079079,0.011333333
YJEMGEBDXDPBSP-UHFFFAOYSA-N,InChIKey,DTXSID70334788,2-Bromo-4-chloroanisole,0.000364964,0.027041661,0.018
YKFLAYDHMOASIY-UHFFFAOYSA-N,InChIKey,DTXSID6041210,gamma-Terpinene,0.0257845,0.000382758,0.00038
YKKYCYQDUUXNLN-UHFFFAOYSA-N,InChIKey,DTXSID1073492,"2,2',4-Trichlorobiphenyl",0.000212215,0.04650582,0.0315
YKYONYBAUNKHLG-UHFFFAOYSA-N,InChIKey,DTXSID6021901,Propyl acetate,0.000218383,0.045192312,0.045
YLKFDHTUAUWZPQ-UHFFFAOYSA-N,InChIKey,DTXSID6021032,N-Nitrosodi-n-propylamine,0.00032497,0.030369673,1.8
YMWUJEATGCHHMB-DICFDUPASA-N,InChIKey,DTXSID80937204,Dichlorodideuteriomethane,0.00326427,0.003023412,0.0038
YMWUJEATGCHHMB-UHFFFAOYSA-N,InChIKey,DTXSID0020868,Dichloromethane,0.00326427,0.003023412,0.003859259
YNPNZTXNASCQKK-UHFFFAOYSA-N,InChIKey,DTXSID6024254,Phenanthrene,4.25912E-05,0.231719995,0.253333333
YNQLUTRBYVCPMQ-CFTAVCBPSA-N,InChIKey,DTXSID201014856,"6-(Ethyl-1,1,2,2,2-d5)benzene-1,2,3,4,5-d5",0.00784744,0.001257637,0.002
YNQLUTRBYVCPMQ-UHFFFAOYSA-N,InChIKey,DTXSID3020596,Ethylbenzene,0.00784744,0.001257637,0.001359286
YORCIIVHUBAYBQ-UHFFFAOYSA-N,InChIKey,DTXSID3042340,Propargyl bromide,0.00113304,0.008710401,0.0088
YOYAIZYFCNQIRF-UHFFFAOYSA-N,InChIKey,DTXSID5032365,Dichlobenil,1.16922E-05,0.844086884,0.48
YPFDHNVEDLHUCE-UHFFFAOYSA-N,InChIKey,DTXSID8041246,"1,3-Propanediol",6.07E-08,162.5129496,9100
YRGAYAGBVIXNAQ-UHFFFAOYSA-N,InChIKey,DTXSID1060764,"Benzene, 1-chloro-4-methoxy-",8.35629E-06,1.181054352,0.058
YRHYCMZPEVDGFQ-UHFFFAOYSA-N,InChIKey,DTXSID4026842,Methyl decanoate,0.000176521,0.05590968,0.011
YRKCREAYFQTBPV-UHFFFAOYSA-N,InChIKey,DTXSID4021979,"2,4-Pentanedione",1.68867E-06,5.844382068,1.7
YTBRNEUEFCNVHC-UHFFFAOYSA-N,InChIKey,DTXSID0022515,"4,4'-Dichlorobiphenyl",0.000199794,0.049397042,0.053
YTKRILODNOEEPX-NSCUHMNNSA-N,InChIKey,DTXSID10884116,"2-Butene, 1-chloro-, (2E)-",0.00288966,0.003415361,0.0031
YTKRILODNOEEPX-UHFFFAOYSA-N,InChIKey,DTXSID5052258,1-Chloro-2-butene,0.00288966,0.003415361,0.0012
YTPLMLYBLZKORZ-UHFFFAOYSA-N,InChIKey,DTXSID8026145,Thiophene,0.00226597,0.004355412,0.0044
YTWXDQVNPCIEOX-UHFFFAOYSA-N,InChIKey,DTXSID6074205,"2,3,3',4,4',5'-Hexachlorobiphenyl",2.83417E-05,0.348223031,0.047
YTZKOQUCBOVLHL-UHFFFAOYSA-N,InChIKey,DTXSID3047138,tert-Butylbenzene,0.00788948,0.001250936,0.00127
YUKILTJWFRTXGB-UHFFFAOYSA-N,InChIKey,DTXSID7062667,"Benzene, 1-chloro-3-methoxy-",8.33933E-06,1.183456305,0.045
YVGGHNCTFXOJCH-UHFFFAOYSA-N,InChIKey,DTXSID4020375,DDT,8.34632E-06,1.182465166,1.0175
YWFWDNVOPHGWMX-UHFFFAOYSA-N,InChIKey,DTXSID1026906,"N,N-Dimethyldodecan-1-amine",0.000706254,0.013974056,4
YWHLKYXPLRWGSE-UHFFFAOYSA-N,InChIKey,DTXSID9063118,"Trisulfide, dimethyl",0.00111477,0.008853156,0.021
YXFVVABEGXRONW-JGUCLWPXSA-N,InChIKey,DTXSID9074301,Toluene-d8,0.00662645,0.00148937,0.002
YXFVVABEGXRONW-UHFFFAOYSA-N,InChIKey,DTXSID7021360,Toluene,0.00662645,0.00148937,0.001558116
YXMNEYKMHSBVTD-UHFFFAOYSA-N,InChIKey,DTXSID40873558,2-Nitrooxy-1-butanol,1.66E-07,59.32597963,73.5
YXTRCOAFNXQTKL-UHFFFAOYSA-N,InChIKey,DTXSID1060558,"2,4,6-Tribromoanisole",0.000632443,0.015604936,0.016
YYZUSRORWSJGET-UHFFFAOYSA-N,InChIKey,DTXSID8051542,Ethyl octanoate,0.000259255,0.038067666,0.011
YZANRISAORXTHU-UHFFFAOYSA-N,InChIKey,DTXSID00865914,"3,4,4'-Trichlorobiphenyl",0.000100857,0.09785372,0.058666667
YZKLGRAIIIGOHB-UHFFFAOYSA-N,InChIKey,DTXSID4074146,"2,3,3',4,5,5'-Hexachlorobiphenyl",2.00475E-05,0.492292439,0.49
ZAFNJMIOTHYJRJ-UHFFFAOYSA-N,InChIKey,DTXSID4021890,Isopropyl ether,0.00251697,0.003921077,0.004157143
ZAGRQXMWMRUYRB-UHFFFAOYSA-N,InChIKey,DTXSID8074233,"2,3,3',4',5,6-Hexachlorobiphenyl",1.64521E-05,0.599876774,0.3405
ZAIDIVBQUMFXEC-UHFFFAOYSA-N,InChIKey,DTXSID1029910,"1,1-Dichloropropene",0.000471845,0.02091626,0.000575
ZBQKPDHUDKSCRS-UHFFFAOYSA-N,InChIKey,DTXSID40957943,Acetyldioxidanyl,2.13465E-06,4.623349339,0.00099
ZBTMRBYMKUEVEU-UHFFFAOYSA-N,InChIKey,DTXSID7024661,4-Bromotoluene,0.00233206,0.004231981,0.0034
ZCXHZKNWIYVQNC-UHFFFAOYSA-N,InChIKey,DTXSID8064434,"2,4,5-Trichlorotoluene",0.00149965,0.006581024,0.0066
ZDLMBNHYTPHDLF-UHFFFAOYSA-N,InChIKey,DTXSID4074142,"2,2',3,3',4,5,6'-Heptachlorobiphenyl",1.38182E-05,0.714219845,0.307333333
ZEATXTCWXKQPHO-UHFFFAOYSA-N,InChIKey,DTXSID8073631,"2,3,3',5,5',6-Hexachlorobiphenyl",2.91295E-05,0.338805426,0.34
ZEOVXNVKXIPWMS-UHFFFAOYSA-N,InChIKey,DTXSID7030060,"2,2-Dichloropropane",0.0143738,0.000686613,0.000653333
ZERULLAPCVRMCO-UHFFFAOYSA-N,InChIKey,DTXSID3021934,Propyl sulfide,0.00325017,0.003036528,0.0033
ZGHQUYZPMWMLBM-UHFFFAOYSA-N,InChIKey,DTXSID6073310,"3,4-Dichlorobiphenyl",0.00014119,0.069900366,0.055333333
ZGMCNGHHUQZNIH-UHFFFAOYSA-N,InChIKey,DTXSID50196528,N-Ethyl-N-butylnitrosamine,0.000341675,0.028884855,0.99
ZHBBDTRJIVXKEX-UHFFFAOYSA-N,InChIKey,DTXSID3074024,"2,3'-Dichlorobiphenyl",0.000254203,0.038824218,0.038
ZHLICBPIXDOFFG-UHFFFAOYSA-N,InChIKey,DTXSID2038314,"3,3',4,4',5,5'-Hexachlorobiphenyl",2.92401E-05,0.337523903,0.064
ZJMWRROPUADPEA-UHFFFAOYSA-N,InChIKey,DTXSID2022333,sec-Butylbenzene,0.00802642,0.001229593,0.001025
ZKXDGKXYMTYWTB-UHFFFAOYSA-N,InChIKey,DTXSID4021056,N-Nitrosomorpholine,1.34821E-06,7.320248824,390
ZLGYJAIAVPVCNF-UHFFFAOYSA-N,InChIKey,DTXSID6073609,"2,3',4,5,5'-Pentachlorobiphenyl",5.64231E-05,0.174914754,0.18
ZMANZCXQSJIPKH-UHFFFAOYSA-N,InChIKey,DTXSID3024366,Triethylamine,0.000148092,0.066642578,0.066
ZMHWQAHZKUPENF-UHFFFAOYSA-N,InChIKey,DTXSID7091549,"2,3,4'-Trichlorobiphenyl",0.000141139,0.069925624,0.042
ZMXDDKWLCZADIW-UHFFFAOYSA-N,InChIKey,DTXSID6020515,"N,N-Dimethylformamide",7.36E-08,134.1210808,160
ZMXIYERNXPIYFR-UHFFFAOYSA-N,InChIKey,DTXSID10870852,1-Ethylnaphthalene,0.000682406,0.014462406,0.018
ZNOLGFHPUIJIMJ-UHFFFAOYSA-N,InChIKey,DTXSID4032613,Fenitrothion,9.23E-07,10.69123929,47
ZNQVEEAIQZEUHB-UHFFFAOYSA-N,InChIKey,DTXSID7024087,2-Ethoxyethanol,4.73E-07,20.86522946,8.9
ZOKXUAHZSKEQSS-UHFFFAOYSA-N,InChIKey,DTXSID1024174,Tribufos,2.99E-07,33.02270836,34
ZOWSJJBOQDKOHI-UHFFFAOYSA-N,InChIKey,DTXSID60193609,"2,2,2-Trifluoroethyl acetate",0.000127294,0.077531012,0.0057
ZPQOPVIELGIULI-UHFFFAOYSA-N,InChIKey,DTXSID6022056,"1,3-Dichlorobenzene",0.00262533,0.003759235,0.00381
ZPTVNYMJQHSSEA-UHFFFAOYSA-N,InChIKey,DTXSID5023792,4-Nitrotoluene,5.75255E-06,1.715627446,1.8
ZPVFWPFBNIEHGJ-UHFFFAOYSA-N,InChIKey,DTXSID4021927,2-Octanone,0.000187647,0.052594673,0.052
ZQBFAOFFOQMSGJ-UHFFFAOYSA-N,InChIKey,DTXSID5043924,Hexafluorobenzene,0.0661024,0.000149302,0.00055
ZQUPQXINXTWCQR-UHFFFAOYSA-N,InChIKey,DTXSID8074231,"2,3,3',4,4',6-Hexachlorobiphenyl",2.21353E-05,0.445859449,0.1255
ZRKWMRDKSOPRRS-UHFFFAOYSA-N,InChIKey,DTXSID4021006,N-Nitroso-N-methylurea,1.91E-08,515.9142202,190
ZSDSQXJSNMTJDA-UHFFFAOYSA-N,InChIKey,DTXSID4021395,Trifluralin,0.000102672,0.096123896,0.34125
ZSIAUFGUXNUGDI-UHFFFAOYSA-N,InChIKey,DTXSID8021931,1-Hexanol,1.70859E-05,0.577624396,0.59375
ZTQSAGDEMFDKMZ-UHFFFAOYSA-N,InChIKey,DTXSID8021513,Butyraldehyde,0.000114367,0.086294409,0.079
ZUOUZKKEUPVFJK-UHFFFAOYSA-N,InChIKey,DTXSID4020161,Biphenyl,0.000307534,0.032091517,0.0348
ZVJHJDDKYZXRJI-UHFFFAOYSA-N,InChIKey,DTXSID10863608,"3,4-Dihydro-2H-pyrrole",1.28999E-05,0.765062727,1.6
ZWEHNKRNPOVVGH-UHFFFAOYSA-N,InChIKey,DTXSID3021516,Methyl ethyl ketone,5.70512E-05,0.172989046,0.142086957
ZWPVHELAQPIZHO-UHFFFAOYSA-N,InChIKey,DTXSID8073508,"2,2',4,5'-Tetrachlorobiphenyl",0.000208739,0.047280253,0.0315
ZWRUINPWMLAQRD-UHFFFAOYSA-N,InChIKey,DTXSID6022008,1-Nonanol,2.41622E-05,0.408457536,0.125
ZXEKIIBDNHEJCQ-UHFFFAOYSA-N,InChIKey,DTXSID0021759,2-Methyl-1-propanol,9.7678E-06,1.010384392,0.72
ZXVONLUNISGICL-UHFFFAOYSA-N,InChIKey,DTXSID1022053,"2-Methyl-4,6-dinitrophenol",1.38385E-06,7.131721406,25
JFCQEDHGNNZCLN-UHFFFAOYSA-N,InChIKey,DTXSID2021654,Glutaric acid,1.06E-10,92708.89461,19000000